mouse_id,file,LVIDd_auto,LVIDd_auto_time,LVIDs_auto,LVIDs_auto_time,heart_rate_auto,heart_rate_auto_time,LVIDd_auto_quality_label,LVIDd_auto_quality_flag,LVIDs_auto_quality_label,LVIDs_auto_quality_flag,LV_Vold_auto,LV_Vols_auto,EF_auto,FS_auto
30503113,Tanc2_4v4_4.dcm,2.2848837209302326,3.9025,0.6976744186046512,3.9383333333333335,719.9999999999999,3.9025,0.7358362725127066,high,0.7358362725127066,high,17.82344023776512,0.7673980091503078,95.69444507394083,69.46564885496184
30503113,Tanc2_4v4_4.dcm,2.459302325581396,3.985833333333334,0.872093023255814,4.024166666666667,712.8712871287129,3.985833333333334,0.7358362725127066,high,0.7358362725127066,high,21.42692658125676,1.418929554499003,93.3778204302048,64.5390070921986
30503113,Tanc2_4v4_4.dcm,2.546511627906977,4.07,0.9069767441860463,4.1033333333333335,757.8947368421052,4.07,0.7358362725127066,high,0.7358362725127066,high,23.368777656660367,1.5792662472359327,93.24198179965214,64.38356164383563
30503113,Tanc2_4v4_4.dcm,2.459302325581396,4.149166666666667,0.8546511627906976,4.189166666666667,666.6666666666666,4.149166666666667,0.9903409205490996,high,0.9903409205490996,high,21.42692658125676,1.3426420860150354,93.73385594558617,65.24822695035462
30503113,Tanc2_4v4_4.dcm,2.25,4.239166666666667,0.8023255813953488,4.273333333333333,692.3076923076923,4.239166666666667,0.9903409205490996,high,0.9903409205490996,high,17.14717741935484,1.1289753868015566,93.4159695255312,64.34108527131782
30503113,Tanc2_4v4_4.dcm,2.5290697674418605,4.325833333333334,0.9069767441860463,4.359166666666667,774.1935483870968,4.325833333333334,0.9903409205490996,high,0.9903409205490996,high,22.972883216267704,1.5792662472359327,93.12552006481445,64.13793103448276
30503113,Tanc2_4v4_4.dcm,2.476744186046512,4.403333333333333,0.6802325581395349,4.44,705.8823529411765,4.403333333333333,0.994894178022816,high,0.994894178022816,high,21.807783235109113,0.7152976158028551,96.71998933549894,72.53521126760565
30503113,Tanc2_4v4_4.dcm,2.197674418604651,4.488333333333333,0.6976744186046512,4.5225,719.9999999999999,4.488333333333333,0.994894178022816,high,0.994894178022816,high,16.160317351543835,0.7673980091503078,95.25134319792924,68.25396825396825
30503113,Tanc2_4v4_4.dcm,2.3720930232558137,4.571666666666667,0.994186046511628,4.606666666666667,757.8947368421052,4.571666666666667,0.994894178022816,high,0.994894178022816,high,19.57871964931257,2.0265876265996403,89.64902882875289,58.08823529411764
30503113,Tanc2_4v4_4.dcm,2.6162790697674416,4.650833333333334,0.8372093023255813,4.690833333333334,692.3076923076923,4.650833333333334,0.9987302833764236,high,0.9987302833764236,high,24.990132056496346,1.268905839130191,94.9223724137931,68.0
30503113,Tanc2_4v4_4.dcm,2.354651162790698,4.737500000000001,0.7848837209302325,4.7725,692.3076923076923,4.737500000000001,0.9987302833764236,high,0.9987302833764236,high,19.22025342266269,1.0627238414299311,94.4708125431017,66.66666666666666
30502712,Tanc2_4v4_58.dcm,2.563953488372093,1.5166666666666668,1.255813953488372,1.3725,685.7142857142857,1.5166666666666668,0.9390497025416332,high,0.9390497025416332,high,23.768444686440457,3.7921880612173284,84.04528310015709,51.02040816326531
30502712,Tanc2_4v4_58.dcm,2.511627906976744,1.6041666666666667,0.9767441860465116,1.4608333333333334,765.9574468085106,1.6041666666666667,0.9970959248213278,high,0.9390497025416332,high,22.580756182703183,1.931712026603614,91.4453173712433,61.111111111111114
30502712,Tanc2_4v4_58.dcm,2.703488372093023,1.6825,1.2209302325581397,1.5475,699.0291262135921,1.6825,0.9970959248213278,high,0.9970959248213278,high,27.10219266977365,3.518442244987919,87.0178686726261,54.83870967741935
30502712,Tanc2_4v4_58.dcm,2.581395348837209,1.7683333333333335,1.1511627906976745,1.635,705.8823529411765,1.7683333333333335,0.9970959248213278,high,0.9970959248213278,high,24.171889415582342,3.0070294992992554,87.55980780980744,55.405405405405396
30502712,Tanc2_4v4_58.dcm,2.5988372093023258,1.8533333333333333,1.1511627906976745,1.7191666666666667,712.8712871287129,1.8533333333333333,0.9790206307756948,high,0.9970959248213278,high,24.57911688274193,3.0070294992992554,87.76591724737423,55.70469798657718
30502712,Tanc2_4v4_58.dcm,2.6511627906976742,1.9375,1.2209302325581397,1.8058333333333327,666.6666666666666,1.9375,0.9790206307756948,high,0.9790206307756948,high,25.823545054964754,3.518442244987919,86.37506106346358,53.94736842105262
30502712,Tanc2_4v4_58.dcm,2.7209302325581395,2.0275000000000003,1.0988372093023255,1.8908333333333327,654.5454545454545,2.0275000000000003,0.9790206307756948,high,0.9790206307756948,high,27.536034648672306,2.654448936856278,90.36009007569918,59.61538461538461
30502712,Tanc2_4v4_58.dcm,2.7906976744186047,2.119166666666666,1.1860465116279069,1.981666666666667,672.8971962616822,2.119166666666666,0.9973130168142624,high,0.9790206307756948,high,29.30965299464401,3.2567714591755346,88.88839980544748,57.50000000000001
30502712,Tanc2_4v4_58.dcm,2.6686046511627906,2.208333333333333,1.2906976744186047,2.0675000000000003,757.8947368421052,2.208333333333333,0.9973130168142624,high,0.9973130168142624,high,26.245952477241655,4.078149584765075,84.4617962015236,51.63398692810457
30502712,Tanc2_4v4_58.dcm,2.703488372093023,2.2875,1.3604651162790695,2.1533333333333333,666.6666666666666,2.2875,0.9973130168142624,high,0.9973130168142624,high,27.10219266977365,4.6872563618101735,82.70525038722145,49.67741935483872
30502712,Tanc2_4v4_58.dcm,2.5290697674418605,4.055000000000001,1.1511627906976745,3.9133333333333336,808.9887640449438,4.055000000000001,0.9946245639748128,high,0.9946245639748128,high,22.972883216267704,3.0070294992992554,86.91052633232428,54.48275862068965
30502712,Tanc2_4v4_58.dcm,2.755813953488372,4.129166666666667,1.255813953488372,3.996666666666667,615.3846153846154,4.129166666666667,0.9418792231438452,high,0.9946245639748128,high,28.41518492605812,3.7921880612173284,86.6543607895379,54.43037974683544
30502712,Tanc2_4v4_58.dcm,2.7732558139534884,4.226666666666667,1.1511627906976745,4.0875,727.2727272727273,4.226666666666667,0.9418792231438452,high,0.9946245639748128,high,28.8605020637716,3.0070294992992554,89.58081362321843,58.490566037735846
30502712,Tanc2_4v4_58.dcm,2.6511627906976742,4.309166666666667,1.1162790697674418,4.171666666666667,642.8571428571428,4.309166666666667,0.9418792231438452,high,0.9418792231438452,high,25.823545054964754,2.769064359113034,89.27697822580458,57.89473684210527
30502712,Tanc2_4v4_58.dcm,2.5988372093023258,4.4025,1.255813953488372,4.260833333333333,791.2087912087911,4.4025,0.9993959197175484,high,0.9418792231438452,high,24.57911688274193,3.7921880612173284,84.57150401575254,51.67785234899329
30502712,Tanc2_4v4_58.dcm,2.581395348837209,4.4783333333333335,1.1860465116279069,4.344166666666667,553.8461538461538,4.4783333333333335,0.9993959197175484,high,0.9418792231438452,high,24.171889415582342,3.2567714591755346,86.52661609035798,54.054054054054056
30502712,Tanc2_4v4_58.dcm,2.511627906976744,4.586666666666667,1.2034883720930232,4.430000000000001,727.2727272727273,4.586666666666667,0.9993959197175484,high,0.9993959197175484,high,22.580756182703183,3.386106478371658,85.00445932379621,52.083333333333336
30502712,Tanc2_4v4_58.dcm,2.9127906976744184,4.669166666666667,1.4825581395348837,4.5183333333333335,782.6086956521739,4.669166666666667,0.5595965246980377,high,0.9993959197175484,high,32.56140754776143,5.875100130616243,81.9568606731801,49.101796407185624
30502712,Tanc2_4v4_58.dcm,3.244186046511628,4.745833333333334,1.3604651162790695,4.609166666666667,699.0291262135921,4.745833333333334,0.5595965246980377,high,0.9993959197175484,high,42.34615427040708,4.6872563618101735,88.93109317110815,58.06451612903226
30503110,Tanc2_4v4_13.dcm,2.5988372093023258,0.3325,0.6802325581395349,0.2858333333333333,808.9887640449438,0.3325,0.8818535614029855,high,0.8818535614029855,high,24.57911688274193,0.7152976158028551,97.08981563814811,73.8255033557047
30503110,Tanc2_4v4_13.dcm,2.877906976744186,0.4066666666666667,0.6976744186046512,0.3641666666666667,734.6938775510205,0.4066666666666667,0.8818535614029855,high,0.8818535614029855,high,31.613062110527935,0.7673980091503078,97.57252870200529,75.75757575757575
30503110,Tanc2_4v4_13.dcm,2.808139534883721,0.4883333333333333,0.6802325581395349,0.4475,660.5504587155963,0.4883333333333333,0.8818535614029855,high,0.8818535614029855,high,29.762641991272055,0.7152976158028551,97.59665954382471,75.77639751552796
30503110,Tanc2_4v4_13.dcm,2.7906976744186047,0.8208333333333334,0.8895348837209303,0.7733333333333334,727.2727272727273,0.8208333333333334,0.9848949518473,high,0.9848949518473,high,29.30965299464401,1.4977954106057159,94.889753860684,68.125
30503110,Tanc2_4v4_13.dcm,2.7209302325581395,0.9033333333333334,0.9069767441860463,0.8591666666666667,757.8947368421052,0.9033333333333334,0.9848949518473,high,0.9848949518473,high,27.536034648672306,1.5792662472359327,94.26472886388498,66.66666666666667
30503110,Tanc2_4v4_13.dcm,3.0,0.9825,0.9418604651162792,0.9391666666666668,719.9999999999999,0.9825,0.9848949518473,high,0.9848949518473,high,35.0,1.7501264577930187,94.99963869201994,68.6046511627907
30503110,Tanc2_4v4_13.dcm,2.703488372093023,1.0658333333333334,1.0988372093023255,1.0225,757.8947368421052,1.0658333333333334,0.9898324072960368,high,0.9848949518473,high,27.10219266977365,2.654448936856278,90.20577792653393,59.354838709677416
30503110,Tanc2_4v4_13.dcm,2.494186046511628,1.145,0.9593023255813954,1.1041666666666667,727.2727272727273,1.145,0.9898324072960368,high,0.9898324072960368,high,22.192391299529287,1.8395662848824579,91.71082439898454,61.53846153846154
30503110,Tanc2_4v4_13.dcm,2.860465116279069,1.2275,0.8895348837209303,1.1883333333333337,712.8712871287129,1.2275,0.9898324072960368,high,0.9898324072960368,high,31.1446792516709,1.4977954106057159,95.19084656964203,68.90243902439023
30503110,Tanc2_4v4_13.dcm,2.895348837209302,1.3116666666666668,0.8895348837209303,1.2766666666666668,727.2727272727273,1.3116666666666668,0.9985866290760887,high,0.9898324072960368,high,32.085303561160075,1.4977954106057159,95.33183344283883,69.27710843373492
30503110,Tanc2_4v4_13.dcm,2.581395348837209,1.3941666666666668,0.8546511627906976,1.3516666666666668,734.6938775510205,1.3941666666666668,0.9985866290760887,high,0.9985866290760887,high,24.171889415582342,1.3426420860150354,94.44544006084395,66.89189189189189
30503110,Tanc2_4v4_13.dcm,2.877906976744186,1.475833333333333,0.8197674418604651,1.4325,742.2680412371134,1.475833333333333,0.9985866290760887,high,0.9985866290760887,high,31.613062110527935,1.1976930591746175,96.21139813983487,71.51515151515152
30503110,Tanc2_4v4_13.dcm,3.1220930232558137,1.5566666666666669,0.6453488372093024,1.5158333333333334,719.9999999999999,1.5566666666666669,0.9991925534901912,high,0.9985866290760887,high,38.57730085870459,0.6177952836027276,98.39855233556776,79.3296089385475
30503110,Tanc2_4v4_13.dcm,2.686046511627907,1.64,0.6802325581395349,1.5983333333333334,699.0291262135921,1.64,0.9991925534901912,high,0.9991925534901912,high,26.67216680354412,0.7152976158028551,97.31818707841985,74.67532467532469
30503110,Tanc2_4v4_13.dcm,2.6686046511627906,1.7258333333333336,0.8372093023255813,1.6791666666666667,774.1935483870968,1.7258333333333336,0.9991925534901912,high,0.9991925534901912,high,26.245952477241655,1.268905839130191,95.16532752914766,68.62745098039215
30503110,Tanc2_4v4_13.dcm,3.0872093023255816,1.8033333333333328,0.7848837209302325,1.7633333333333334,712.8712871287129,1.8033333333333328,0.9992564907261684,high,0.9991925534901912,high,37.53571875847739,1.0627238414299311,97.16876650672923,74.57627118644068
30503110,Tanc2_4v4_13.dcm,2.7209302325581395,1.8875,0.75,1.846666666666667,750.0,1.8875,0.9992564907261684,high,0.9992564907261684,high,27.536034648672306,0.9375,96.59537035030131,72.43589743589743
30503110,Tanc2_4v4_13.dcm,2.9302325581395348,1.9675,0.9069767441860463,1.9266666666666667,692.3076923076923,1.9675,0.9992564907261684,high,0.9992564907261684,high,33.04137796290056,1.5792662472359327,95.22033781699673,69.04761904761905
30503110,Tanc2_4v4_13.dcm,2.633720930232558,2.0541666666666667,0.8197674418604651,2.0058333333333334,750.0,2.0541666666666667,0.9992564907261684,high,0.9992564907261684,high,25.404939836558274,1.1976930591746175,95.28558986212946,68.87417218543047
30503110,Tanc2_4v4_13.dcm,2.7732558139534884,2.1341666666666668,0.994186046511628,2.091666666666667,719.9999999999999,2.1341666666666668,0.917347246892704,high,0.917347246892704,high,28.8605020637716,2.0265876265996403,92.97798901030346,64.15094339622641
30503110,Tanc2_4v4_13.dcm,2.633720930232558,2.2175,0.8546511627906976,2.1725000000000003,660.5504587155963,2.2175,0.917347246892704,high,0.917347246892704,high,25.404939836558274,1.3426420860150354,94.71503536456738,67.54966887417218
30503110,Tanc2_4v4_13.dcm,2.563953488372093,2.3083333333333336,0.9593023255813954,2.254166666666667,827.5862068965516,2.3083333333333336,0.917347246892704,high,0.917347246892704,high,23.768444686440457,1.8395662848824579,92.26046841032091,62.585034013605444
30503110,Tanc2_4v4_13.dcm,2.6686046511627906,2.3808333333333334,0.9244186046511628,2.3375000000000004,705.8823529411765,2.3808333333333334,0.9806503262405124,high,0.9806503262405124,high,26.245952477241655,1.6633680992022573,93.66238241631889,65.359477124183
30503110,Tanc2_4v4_13.dcm,2.7906976744186047,2.4658333333333333,0.994186046511628,2.421666666666667,750.0,2.4658333333333333,0.9806503262405124,high,0.9806503262405124,high,29.30965299464401,2.0265876265996403,93.08559665660329,64.375
30503110,Tanc2_4v4_13.dcm,2.9302325581395348,2.5458333333333334,1.0290697674418603,2.506666666666667,712.8712871287129,2.5458333333333334,0.9806503262405124,high,0.9806503262405124,high,33.04137796290056,2.224621740216453,93.26716415182716,64.88095238095238
30503110,Tanc2_4v4_13.dcm,2.686046511627907,2.6300000000000003,0.994186046511628,2.5875000000000004,742.2680412371134,2.6300000000000003,0.9861066558716988,high,0.9861066558716988,high,26.67216680354412,2.0265876265996403,92.40186355489367,62.98701298701299
30503110,Tanc2_4v4_13.dcm,2.738372093023256,2.710833333333333,0.9593023255813954,2.669166666666667,734.6938775510205,2.710833333333333,0.9861066558716988,high,0.9861066558716988,high,27.97369725089469,1.8395662848824579,93.42394296905596,64.96815286624205
30503110,Tanc2_4v4_13.dcm,2.9302325581395348,2.7925,0.9593023255813954,2.751666666666667,692.3076923076923,2.7925,0.9861066558716988,high,0.9861066558716988,high,33.04137796290056,1.8395662848824579,94.4325376291874,67.26190476190477
30503110,Tanc2_4v4_13.dcm,2.441860465116279,2.879166666666667,0.872093023255814,2.8325,712.8712871287129,2.879166666666667,0.9314741713532,high,0.9314741713532,high,21.049815851858547,1.418929554499003,93.25918305183785,64.28571428571428
30503110,Tanc2_4v4_13.dcm,2.6511627906976742,2.9633333333333334,0.7848837209302325,2.914166666666667,757.8947368421052,2.9633333333333334,0.9314741713532,high,0.9314741713532,high,25.823545054964754,1.0627238414299311,95.88467098855735,70.39473684210526
30503110,Tanc2_4v4_13.dcm,2.755813953488372,3.0425,0.7674418604651163,2.998333333333333,742.2680412371134,3.0425,0.9314741713532,high,0.9314741713532,high,28.41518492605812,0.9989088041398734,96.4845950968145,72.15189873417721
30503110,Tanc2_4v4_13.dcm,2.633720930232558,3.123333333333333,0.7151162790697674,3.08,734.6938775510205,3.123333333333333,0.9861871370867078,high,0.9314741713532,high,25.404939836558274,0.8217766011954041,96.76528814284832,72.8476821192053
30503110,Tanc2_4v4_13.dcm,2.7732558139534884,3.205,1.0988372093023255,3.169166666666667,719.9999999999999,3.205,0.9861871370867078,high,0.9861871370867078,high,28.8605020637716,2.654448936856278,90.80248524093284,60.37735849056604
30503110,Tanc2_4v4_13.dcm,2.7732558139534884,3.2883333333333336,0.872093023255814,3.244166666666667,391.3043478260869,3.2883333333333336,0.9861871370867078,high,0.9861871370867078,high,28.8605020637716,1.418929554499003,95.08348970726959,68.55345911949685
30503110,Tanc2_4v4_13.dcm,3.0348837209302326,3.7816666666666654,1.0116279069767442,3.659166666666667,705.8823529411765,3.7816666666666654,0.9970574959059124,high,0.9970574959059124,high,36.00260714079915,2.124216538868631,94.09982579716731,66.66666666666666
30503110,Tanc2_4v4_13.dcm,2.808139534883721,3.866666666666666,1.0290697674418603,3.7433333333333336,712.8712871287129,3.866666666666666,0.975438642142328,high,0.9970574959059124,high,29.762641991272055,2.224621740216453,92.5254561041025,63.354037267080756
30503110,Tanc2_4v4_13.dcm,2.808139534883721,3.9508333333333336,1.0465116279069768,3.8233333333333337,742.2680412371134,3.9508333333333336,0.975438642142328,high,0.9970574959059124,high,29.762641991272055,2.32782574233145,92.17869924647789,62.732919254658384
30503110,Tanc2_4v4_13.dcm,3.0174418604651163,4.031666666666667,0.994186046511628,3.9058333333333337,727.2727272727273,4.031666666666667,0.975438642142328,high,0.975438642142328,high,35.4993591974848,2.0265876265996403,94.29119941200733,67.05202312138728
30503110,Tanc2_4v4_13.dcm,2.738372093023256,4.114166666666667,0.9593023255813954,3.9925,699.0291262135921,4.114166666666667,0.975438642142328,high,0.975438642142328,high,27.97369725089469,1.8395662848824579,93.42394296905596,64.96815286624205
30503110,Tanc2_4v4_13.dcm,2.633720930232558,4.2,0.9593023255813954,4.073333333333333,782.6086956521739,4.2,0.9522486491484184,high,0.975438642142328,high,25.404939836558274,1.8395662848824579,92.759021289886,63.576158940397356
30503110,Tanc2_4v4_13.dcm,3.0,4.276666666666667,1.0988372093023255,4.153333333333333,692.3076923076923,4.276666666666667,0.9522486491484184,high,0.9522486491484184,high,35.0,2.654448936856278,92.41586018041063,63.372093023255815
30503110,Tanc2_4v4_13.dcm,2.686046511627907,4.363333333333333,0.872093023255814,4.239166666666667,750.0,4.363333333333333,0.9522486491484184,high,0.9522486491484184,high,26.67216680354412,1.418929554499003,94.68011142495382,67.53246753246754
30503110,Tanc2_4v4_13.dcm,2.7209302325581395,4.443333333333333,0.872093023255814,4.320833333333334,727.2727272727273,4.443333333333333,0.6271861222798505,high,0.9522486491484184,high,27.536034648672306,1.418929554499003,94.84700839244688,67.94871794871796
30503110,Tanc2_4v4_13.dcm,2.895348837209302,4.525833333333334,0.9418604651162792,4.400833333333334,712.8712871287129,4.525833333333334,0.6271861222798505,high,0.6271861222798505,high,32.085303561160075,1.7501264577930187,94.54539535692103,67.46987951807229
30503110,Tanc2_4v4_13.dcm,2.633720930232558,4.61,1.0290697674418603,4.491666666666667,727.2727272727273,4.61,0.6271861222798505,high,0.6271861222798505,high,25.404939836558274,2.224621740216453,91.24334970077287,60.9271523178808
30503110,Tanc2_4v4_13.dcm,2.581395348837209,4.6925,0.9244186046511628,4.566666666666667,685.7142857142857,4.6925,0.6138349027248812,high,0.6271861222798505,high,24.171889415582342,1.6633680992022573,93.1185846889984,64.1891891891892
30503110,Tanc2_4v4_13.dcm,2.476744186046512,4.78,0.8895348837209303,4.650833333333334,827.5862068965516,4.78,0.6138349027248812,high,0.6138349027248812,high,21.807783235109113,1.4977954106057159,93.13183098686362,64.08450704225352
30503109,Tanc2_4v4_21.dcm,2.895348837209302,2.924166666666667,0.994186046511628,2.8841666666666668,774.1935483870968,2.924166666666667,0.8385693832501838,high,0.8385693832501838,high,32.085303561160075,2.0265876265996403,93.68375112070666,65.66265060240963
30503109,Tanc2_4v4_21.dcm,2.755813953488372,3.001666666666667,0.9593023255813954,2.9625000000000004,750.0,3.001666666666667,0.8385693832501838,high,0.8385693832501838,high,28.41518492605812,1.8395662848824579,93.52611538630006,65.18987341772153
30503109,Tanc2_4v4_21.dcm,2.546511627906977,3.081666666666667,0.8197674418604651,3.041666666666667,672.8971962616822,3.081666666666667,0.8385693832501838,high,0.8385693832501838,high,23.368777656660367,1.1976930591746175,94.87481511968059,67.80821917808218
30503109,Tanc2_4v4_21.dcm,2.6686046511627906,3.1708333333333334,0.8546511627906976,3.1225,808.9887640449438,3.1708333333333334,0.9007457523337272,high,0.9007457523337272,high,26.245952477241655,1.3426420860150354,94.88438422198902,67.97385620915033
30503109,Tanc2_4v4_21.dcm,2.895348837209302,3.245,1.1860465116279069,3.2025,750.0,3.245,0.9007457523337272,high,0.9007457523337272,high,32.085303561160075,3.2567714591755346,89.84964735344462,59.036144578313255
30503109,Tanc2_4v4_21.dcm,2.563953488372093,3.325,1.2209302325581397,3.2833333333333337,705.8823529411765,3.325,0.9007457523337272,high,0.9007457523337272,high,23.768444686440457,3.518442244987919,85.19700261668724,52.38095238095237
30503109,Tanc2_4v4_21.dcm,2.7209302325581395,3.41,0.9069767441860463,3.365,742.2680412371134,3.41,0.9481633201605586,high,0.9481633201605586,high,27.536034648672306,1.5792662472359327,94.26472886388498,66.66666666666667
30503109,Tanc2_4v4_21.dcm,2.738372093023256,3.4908333333333337,1.2906976744186047,3.439166666666667,742.2680412371134,3.4908333333333337,0.9481633201605586,high,0.9481633201605586,high,27.97369725089469,4.078149584765075,85.42148523240115,52.86624203821656
30503109,Tanc2_4v4_21.dcm,2.5988372093023258,3.5716666666666668,1.0813953488372092,3.5258333333333334,757.8947368421052,3.5716666666666668,0.9481633201605586,high,0.9481633201605586,high,24.57911688274193,2.542717939936119,89.65496623793888,58.38926174496645
30503109,Tanc2_4v4_21.dcm,2.755813953488372,3.650833333333333,0.75,3.605,818.1818181818181,3.650833333333333,0.9571971888096512,high,0.9571971888096512,high,28.41518492605812,0.9375,96.70070772919634,72.78481012658227
30503109,Tanc2_4v4_21.dcm,2.6511627906976742,3.724166666666667,0.9244186046511628,3.6875,719.9999999999999,3.724166666666667,0.9571971888096512,high,0.9571971888096512,high,25.823545054964754,1.6633680992022573,93.5587151351148,65.13157894736842
30503109,Tanc2_4v4_21.dcm,2.1802325581395348,3.8075,0.9593023255813954,3.7683333333333335,712.8712871287129,3.8075,0.9571971888096512,high,0.9571971888096512,high,15.838679575876627,1.8395662848824579,88.38560830737279,56.00000000000001
30503109,Tanc2_4v4_21.dcm,2.738372093023256,4.218333333333334,0.75,4.175833333333333,750.0,4.218333333333334,0.5030017811818583,high,0.5030017811818583,high,27.97369725089469,0.9375,96.64863749831991,72.61146496815286
30503109,Tanc2_4v4_21.dcm,2.546511627906977,4.298333333333334,0.8895348837209303,4.255,648.6486486486485,4.298333333333334,0.5030017811818583,high,0.5030017811818583,high,23.368777656660367,1.4977954106057159,93.59061294256944,65.06849315068493
30503109,Tanc2_4v4_21.dcm,2.860465116279069,4.716666666666667,1.0290697674418603,4.669166666666667,774.1935483870968,4.716666666666667,0.9668297488997776,high,0.9668297488997776,high,31.1446792516709,2.224621740216453,92.8571370979937,64.02439024390245
30503110,Tanc2_4v4_17.dcm,2.7906976744186047,3.6983333333333337,0.75,3.654166666666667,719.9999999999999,3.6983333333333337,0.9997209243928072,high,0.9997209243928072,high,29.30965299464401,0.9375,96.80139508928572,73.125
30503110,Tanc2_4v4_17.dcm,2.738372093023256,3.7816666666666654,1.1686046511627908,3.7391666666666654,774.1935483870968,3.7816666666666654,0.9997209243928072,high,0.9997209243928072,high,27.97369725089469,3.1304187370838488,88.80942083197914,57.324840764331206
30503110,Tanc2_4v4_17.dcm,2.755813953488372,3.859166666666667,1.063953488372093,3.819166666666667,705.8823529411765,3.859166666666667,0.9997209243928072,high,0.9997209243928072,high,28.41518492605812,2.4338506034943355,91.43468321664035,61.39240506329114
30503110,Tanc2_4v4_17.dcm,2.563953488372093,3.944166666666667,0.8023255813953488,3.8975,719.9999999999999,3.944166666666667,0.9591323676821436,high,0.9591323676821436,high,23.768444686440457,1.1289753868015566,95.25010827719149,68.70748299319727
30503110,Tanc2_4v4_17.dcm,2.0232558139534884,4.0275,0.7848837209302325,3.983333333333333,782.6086956521739,4.0275,0.9591323676821436,high,0.9591323676821436,high,13.10715315465944,1.0627238414299311,91.89203155795775,61.206896551724135
30503110,Tanc2_4v4_17.dcm,2.2674418604651163,4.104166666666667,0.5406976744186046,4.0600000000000005,734.6938775510205,4.104166666666667,0.9591323676821436,high,0.9591323676821436,high,17.483468824500942,0.3762800272918515,97.8477953598971,76.15384615384615
30503110,Tanc2_4v4_17.dcm,2.0755813953488373,4.185833333333334,0.6976744186046512,4.1450000000000005,712.8712871287129,4.185833333333334,0.8800147278856025,high,0.8800147278856025,high,13.985174439681538,0.7673980091503078,94.51277484982316,66.38655462184875
30503110,Tanc2_4v4_17.dcm,2.127906976744186,4.2700000000000005,0.6976744186046512,4.2225,750.0,4.2700000000000005,0.8800147278856025,high,0.8800147278856025,high,14.895615711986903,0.7673980091503078,94.84816187535799,67.21311475409836
30503110,Tanc2_4v4_17.dcm,2.441860465116279,4.3500000000000005,0.8546511627906976,4.299166666666667,705.8823529411765,4.3500000000000005,0.8800147278856025,high,0.8800147278856025,high,21.049815851858547,1.3426420860150354,93.62159699892818,65.0
30503110,Tanc2_4v4_17.dcm,2.232558139534884,4.4350000000000005,0.75,4.389166666666667,705.8823529411765,4.4350000000000005,0.978724165129428,high,0.978724165129428,high,16.814559481843006,0.9375,94.42447480701264,66.40625000000001
30503110,Tanc2_4v4_17.dcm,2.2151162790697674,4.5200000000000005,0.6976744186046512,4.469166666666667,750.0,4.5200000000000005,0.978724165129428,high,0.978724165129428,high,16.4856083726081,0.7673980091503078,95.34504282883859,68.50393700787401
30503110,Tanc2_4v4_17.dcm,2.38953488372093,4.6000000000000005,0.6802325581395349,4.5525,750.0,4.6000000000000005,0.978724165129428,high,0.978724165129428,high,19.94090315053864,0.7152976158028551,96.4129126429084,71.53284671532847
30503110,Tanc2_4v4_17.dcm,2.354651162790698,4.680000000000001,0.7151162790697674,4.634166666666667,719.9999999999999,4.680000000000001,0.9852814885844092,high,0.978724165129428,high,19.22025342266269,0.8217766011954041,95.72442369450529,69.62962962962963
30503110,Tanc2_4v4_17.dcm,2.354651162790698,4.763333333333334,0.7848837209302325,4.716666666666667,774.1935483870968,4.763333333333334,0.9852814885844092,high,0.9852814885844092,high,19.22025342266269,1.0627238414299311,94.4708125431017,66.66666666666666
30502712,Tanc2_4v4_59.dcm,2.6162790697674416,1.6025,1.1337209302325582,1.5666666666666669,642.8571428571428,1.6025,0.7004360327527112,high,0.7004360327527112,high,24.990132056496346,2.8865845615970214,88.4491024094183,56.666666666666664
30502712,Tanc2_4v4_59.dcm,2.9127906976744184,1.6958333333333335,1.0465116279069768,1.6533333333333335,727.2727272727273,1.6958333333333335,0.7004360327527112,high,0.7004360327527112,high,32.56140754776143,2.32782574233145,92.85096708759605,64.07185628742515
30502712,Tanc2_4v4_59.dcm,2.9302325581395348,1.7783333333333335,1.3604651162790695,1.7391666666666667,626.0869565217391,1.7783333333333335,0.7004360327527112,high,0.7004360327527112,high,33.04137796290056,4.6872563618101735,85.81398037614197,53.571428571428584
30502712,Tanc2_4v4_59.dcm,2.511627906976744,3.721666666666667,0.872093023255814,3.6725,585.3658536585366,3.721666666666667,0.8458453304525652,high,0.8458453304525652,high,22.580756182703183,1.418929554499003,93.71620001111434,65.27777777777779
30502712,Tanc2_4v4_59.dcm,2.25,3.8241666666666654,1.2034883720930232,3.7591666666666654,808.9887640449438,3.8241666666666654,0.8458453304525652,high,0.8458453304525652,high,17.14717741935484,3.386106478371658,80.25268885041338,46.51162790697675
30502712,Tanc2_4v4_59.dcm,2.5290697674418605,3.898333333333333,1.0116279069767442,3.85,620.6896551724137,3.898333333333333,0.999310268913146,high,0.8458453304525652,high,22.972883216267704,2.124216538868631,90.75337423312884,60.0
30502712,Tanc2_4v4_59.dcm,2.354651162790698,3.995,1.2034883720930232,3.936666666666667,750.0,3.995,0.999310268913146,high,0.999310268913146,high,19.22025342266269,3.386106478371658,82.38261273715005,48.8888888888889
30502712,Tanc2_4v4_59.dcm,2.7209302325581395,4.075,1.1686046511627908,4.0216666666666665,685.7142857142857,4.075,0.999310268913146,high,0.999310268913146,high,27.536034648672306,3.1304187370838488,88.6315557885355,57.05128205128205
30502712,Tanc2_4v4_59.dcm,2.476744186046512,4.1625000000000005,1.2383720930232558,4.106666666666667,750.0,4.1625000000000005,0.9976065597435602,high,0.999310268913146,high,21.807783235109113,3.6537968555468034,83.24544582933845,50.000000000000014
30502712,Tanc2_4v4_59.dcm,2.633720930232558,4.242500000000001,1.2209302325581397,4.195,692.3076923076923,4.242500000000001,0.9976065597435602,high,0.9976065597435602,high,25.404939836558274,3.518442244987919,86.15055864086399,53.64238410596025
30502712,Tanc2_4v4_59.dcm,2.6511627906976742,4.329166666666667,1.1162790697674418,4.279166666666667,712.8712871287129,4.329166666666667,0.9976065597435602,high,0.9976065597435602,high,25.823545054964754,2.769064359113034,89.27697822580458,57.89473684210527
30502712,Tanc2_4v4_59.dcm,2.633720930232558,4.413333333333334,1.1860465116279069,4.368333333333333,631.578947368421,4.413333333333334,0.9744396040474494,high,0.9976065597435602,high,25.404939836558274,3.2567714591755346,87.1805582688727,54.966887417218544
30502712,Tanc2_4v4_59.dcm,2.703488372093023,4.508333333333334,1.2732558139534884,4.456666666666667,685.7142857142857,4.508333333333334,0.9744396040474494,high,0.9744396040474494,high,27.10219266977365,3.933633276014293,85.4859223977056,52.903225806451616
30502712,Tanc2_4v4_59.dcm,2.511627906976744,4.595833333333333,1.3081395348837208,4.5425,727.2727272727273,4.595833333333333,0.9744396040474494,high,0.9744396040474494,high,22.580756182703183,4.2257537508515695,81.2860396850284,47.91666666666667
30503109,Tanc2_4v4_23.dcm,2.738372093023256,0.0416666666666666,1.2732558139534884,0.0083333333333333,742.2680412371134,0.0416666666666666,0.9596437650291352,high,0.9596437650291352,high,27.97369725089469,3.933633276014293,85.93810020629832,53.503184713375795
30503109,Tanc2_4v4_23.dcm,2.7906976744186047,0.1225,0.994186046511628,0.08,685.7142857142857,0.1225,0.9596437650291352,high,0.9596437650291352,high,29.30965299464401,2.0265876265996403,93.08559665660329,64.375
30503109,Tanc2_4v4_23.dcm,2.9127906976744184,0.21,1.1686046511627908,0.1641666666666666,705.8823529411765,0.21,0.9596437650291352,high,0.9596437650291352,high,32.56140754776143,3.1304187370838488,90.38610744178635,59.88023952095808
30503109,Tanc2_4v4_23.dcm,2.5290697674418605,0.295,1.0813953488372092,0.2458333333333333,734.6938775510205,0.295,0.9948627596173228,high,0.9596437650291352,high,22.972883216267704,2.542717939936119,88.93165513445194,57.24137931034483
30503109,Tanc2_4v4_23.dcm,2.6511627906976742,0.3766666666666667,0.8197674418604651,0.3291666666666666,699.0291262135921,0.3766666666666667,0.9948627596173228,high,0.9948627596173228,high,25.823545054964754,1.1976930591746175,95.36201146424568,69.07894736842105
30503109,Tanc2_4v4_23.dcm,2.9302325581395348,0.4625,1.1162790697674418,0.4166666666666667,734.6938775510205,0.4625,0.9948627596173228,high,0.9948627596173228,high,33.04137796290056,2.769064359113034,91.61940412345336,61.904761904761905
30503109,Tanc2_4v4_23.dcm,2.6511627906976742,0.5441666666666667,1.0813953488372092,0.4991666666666667,727.2727272727273,0.5441666666666667,0.9895773717092506,high,0.9948627596173228,high,25.823545054964754,2.542717939936119,90.15349002422398,59.210526315789465
30503109,Tanc2_4v4_23.dcm,2.755813953488372,0.6266666666666667,1.063953488372093,0.5833333333333334,672.8971962616822,0.6266666666666667,0.9895773717092506,high,0.9895773717092506,high,28.41518492605812,2.4338506034943355,91.43468321664035,61.39240506329114
30503109,Tanc2_4v4_23.dcm,2.755813953488372,0.7158333333333334,1.1686046511627908,0.6716666666666667,654.5454545454545,0.7158333333333334,0.9895773717092506,high,0.9895773717092506,high,28.41518492605812,3.1304187370838488,88.98328923345102,57.59493670886076
30503109,Tanc2_4v4_23.dcm,2.633720930232558,0.8075000000000001,1.1511627906976745,0.7566666666666667,631.578947368421,0.8075000000000001,0.981758753626362,high,0.9895773717092506,high,25.404939836558274,3.0070294992992554,88.16360314708531,56.29139072847682
30503109,Tanc2_4v4_23.dcm,2.703488372093023,0.9025,1.2034883720930232,0.8458333333333334,699.0291262135921,0.9025,0.981758753626362,high,0.981758753626362,high,27.10219266977365,3.386106478371658,87.50615302743348,55.483870967741936
30503109,Tanc2_4v4_23.dcm,2.895348837209302,0.9883333333333334,1.255813953488372,0.9475,626.0869565217391,0.9883333333333334,0.981758753626362,high,0.981758753626362,high,32.085303561160075,3.7921880612173284,88.18091886215517,56.62650602409638
30503109,Tanc2_4v4_23.dcm,2.6511627906976742,1.4308333333333334,1.3430232558139534,1.3058333333333334,705.8823529411765,1.4308333333333334,0.8077926334958498,high,0.8077926334958498,high,25.823545054964754,4.530291146268328,82.45674195147986,49.34210526315789
30503109,Tanc2_4v4_23.dcm,2.7732558139534884,1.5158333333333334,1.0465116279069768,1.3841666666666668,654.5454545454545,1.5158333333333334,0.8077926334958498,high,0.8077926334958498,high,28.8605020637716,2.32782574233145,91.93421605352613,62.264150943396224
30503109,Tanc2_4v4_23.dcm,2.5988372093023258,1.6075000000000002,1.1860465116279069,1.4666666666666668,818.1818181818181,1.6075000000000002,0.996812305617693,high,0.8077926334958498,high,24.57911688274193,3.2567714591755346,86.74984347601904,54.36241610738256
30503109,Tanc2_4v4_23.dcm,2.755813953488372,1.6808333333333334,1.255813953488372,1.55,705.8823529411765,1.6808333333333334,0.996812305617693,high,0.996812305617693,high,28.41518492605812,3.7921880612173284,86.6543607895379,54.43037974683544
30503109,Tanc2_4v4_23.dcm,2.9127906976744184,1.7658333333333334,1.3081395348837208,1.63,620.6896551724137,1.7658333333333334,0.996812305617693,high,0.996812305617693,high,32.56140754776143,4.2257537508515695,87.02220183616699,55.08982035928144
30503109,Tanc2_4v4_23.dcm,2.511627906976744,1.8625,1.3255813953488371,1.7191666666666667,648.6486486486485,1.8625,0.9912108975532318,high,0.996812305617693,high,22.580756182703183,4.376462223734663,80.61861972945341,47.22222222222223
30503109,Tanc2_4v4_23.dcm,2.9651162790697674,1.955,1.1686046511627908,1.8066666666666669,750.0,1.955,0.9912108975532318,high,0.9912108975532318,high,34.01293339597336,3.1304187370838488,90.79638706653145,60.588235294117645
30503109,Tanc2_4v4_23.dcm,2.8255813953488373,2.035,1.0290697674418603,1.8958333333333333,600.0,2.035,0.9912108975532318,high,0.9912108975532318,high,30.219473269208414,2.224621740216453,92.6384496500037,63.580246913580254
30503109,Tanc2_4v4_23.dcm,2.633720930232558,2.498333333333333,1.1686046511627908,2.3441666666666667,615.3846153846154,2.498333333333333,0.8000207181678988,high,0.8000207181678988,high,25.404939836558274,3.1304187370838488,87.67791320419069,55.62913907284768
30503109,Tanc2_4v4_23.dcm,2.563953488372093,2.5958333333333337,1.5,2.455833333333333,727.2727272727273,2.5958333333333337,0.9578880725514208,high,0.8000207181678988,high,23.768444686440457,6.0576923076923075,74.51372023871579,41.49659863945578
30503109,Tanc2_4v4_23.dcm,2.7209302325581395,2.6783333333333337,1.1162790697674418,2.5333333333333337,626.0869565217391,2.6783333333333337,0.9578880725514208,high,0.8000207181678988,high,27.536034648672306,2.769064359113034,89.94385213977587,58.97435897435898
30503109,Tanc2_4v4_23.dcm,2.755813953488372,2.774166666666667,1.0988372093023255,2.6275,660.5504587155963,2.774166666666667,0.9578880725514208,high,0.9578880725514208,high,28.41518492605812,2.654448936856278,90.65834361534625,60.12658227848101
30503109,Tanc2_4v4_23.dcm,2.895348837209302,3.373333333333333,1.255813953488372,3.1525000000000003,571.4285714285713,3.373333333333333,0.9971883256692228,high,0.9989028622927631,high,32.085303561160075,3.7921880612173284,88.18091886215517,56.62650602409638
30503109,Tanc2_4v4_23.dcm,2.546511627906977,3.478333333333333,1.2906976744186047,3.2475,719.9999999999999,3.478333333333333,0.9971883256692228,high,0.9989028622927631,high,23.368777656660367,4.078149584765075,82.54872529200192,49.31506849315068
30503109,Tanc2_4v4_23.dcm,2.860465116279069,3.561666666666667,1.6744186046511629,3.336666666666667,719.9999999999999,3.561666666666667,0.9971883256692228,high,0.9989028622927631,high,31.1446792516709,8.065374100772726,74.10352492122705,41.463414634146325
30503109,Tanc2_4v4_23.dcm,2.9302325581395348,3.645,1.4302325581395348,3.4225000000000003,562.5,3.645,0.8841254153875712,high,0.9971883256692228,high,33.04137796290056,5.346786920710352,83.8179057583076,51.1904761904762
30503109,Tanc2_4v4_23.dcm,2.6162790697674416,3.751666666666667,1.2034883720930232,3.5125,757.8947368421052,3.751666666666667,0.8841254153875712,high,0.9971883256692228,high,24.990132056496346,3.386106478371658,86.45022575024201,54.0
30503109,Tanc2_4v4_23.dcm,2.7732558139534884,3.8308333333333335,1.1686046511627908,3.601666666666667,734.6938775510205,3.8308333333333335,0.8841254153875712,high,0.9971883256692228,high,28.8605020637716,3.1304187370838488,89.15327692440445,57.861635220125784
30503109,Tanc2_4v4_23.dcm,2.7209302325581395,3.9125,1.0813953488372092,3.689166666666667,642.8571428571428,3.9125,0.7548446232899185,high,0.8841254153875712,high,27.536034648672306,2.542717939936119,90.76585291826426,60.256410256410255
30503109,Tanc2_4v4_23.dcm,2.511627906976744,4.005833333333333,1.255813953488372,3.7808333333333337,808.9887640449438,4.005833333333333,0.7548446232899185,high,0.8841254153875712,high,22.580756182703183,3.7921880612173284,83.20610687022901,50.0
30503109,Tanc2_4v4_23.dcm,3.0,4.08,1.3953488372093024,3.87,470.5882352941176,4.08,0.7548446232899185,high,0.7548446232899185,high,35.0,5.0106575891578915,85.68383545954889,53.48837209302325
30503109,Tanc2_4v4_23.dcm,2.8430232558139537,4.2075000000000005,1.0290697674418603,3.9625,757.8947368421052,4.2075000000000005,0.7607940538311494,high,0.7548446232899185,high,30.680150987910604,2.224621740216453,92.74898698805929,63.8036809815951
30503109,Tanc2_4v4_23.dcm,2.6162790697674416,4.286666666666667,1.8313953488372088,4.045833333333333,580.6451612903226,4.286666666666667,0.7607940538311494,high,0.7548446232899185,high,24.990132056496346,10.161568668387396,59.337675185490546,30.000000000000014
30503109,Tanc2_4v4_23.dcm,2.9651162790697674,4.390000000000001,1.622093023255814,4.155833333333334,699.0291262135921,4.390000000000001,0.9987779923226208,high,0.7607940538311494,high,34.01293339597336,7.428022290711041,78.16118297050377,45.294117647058826
30503109,Tanc2_4v4_23.dcm,2.982558139534884,4.475833333333334,1.0290697674418603,4.245833333333334,712.8712871287129,4.475833333333334,0.9987779923226208,high,0.7607940538311494,high,34.50452594841163,2.224621740216453,93.55266684856784,65.49707602339183
30503109,Tanc2_4v4_23.dcm,2.808139534883721,4.5600000000000005,1.063953488372093,4.331666666666667,600.0,4.5600000000000005,0.9987779923226208,high,0.7607940538311494,high,29.762641991272055,2.4338506034943355,91.82246453722736,62.111801242236034
30503109,Tanc2_4v4_23.dcm,2.9127906976744184,4.66,1.5,4.425000000000001,642.8571428571428,4.66,0.9996091608665092,high,0.9987779923226208,high,32.56140754776143,6.0576923076923075,81.39609812995087,48.50299401197605
30503109,Tanc2_4v4_23.dcm,2.8255813953488373,4.753333333333334,1.2383720930232558,4.513333333333334,727.2727272727273,4.753333333333334,0.9996091608665092,high,0.9987779923226208,high,30.219473269208414,3.6537968555468034,87.90913123138459,56.17283950617284
30503113,Tanc2_4v4_3.dcm,2.441860465116279,4.138333333333334,1.0465116279069768,4.174166666666667,799.9999999999999,4.138333333333334,0.5118904451091277,high,0.5118904451091277,high,21.049815851858547,2.32782574233145,88.94134866207906,57.14285714285714
30503113,Tanc2_4v4_3.dcm,2.511627906976744,4.213333333333334,1.2906976744186047,4.2508333333333335,734.6938775510205,4.213333333333334,0.5118904451091277,high,0.5118904451091277,high,22.580756182703183,4.078149584765075,81.93971206381065,48.61111111111111
30503113,Tanc2_4v4_3.dcm,2.6162790697674416,4.295,0.8546511627906976,4.34,626.0869565217391,4.295,0.5118904451091277,high,0.5118904451091277,high,24.990132056496346,1.3426420860150354,94.62731096026357,67.33333333333333
30502741,Tanc2_4v4_35.dcm,2.0755813953488373,2.060833333333333,0.8197674418604651,2.0958333333333337,750.0,2.060833333333333,0.9465566914809744,high,0.9465566914809744,high,13.985174439681538,1.1976930591746175,91.43598054968636,60.50420168067227
30502741,Tanc2_4v4_35.dcm,2.0930232558139537,2.1408333333333336,0.8546511627906976,2.169166666666667,757.8947368421052,2.1408333333333336,0.9465566914809744,high,0.9465566914809744,high,14.285042443624052,1.3426420860150354,90.60106337580882,59.166666666666664
30502741,Tanc2_4v4_35.dcm,2.5290697674418605,2.22,1.255813953488372,2.2475,837.2093023255813,2.22,0.9465566914809744,high,0.9465566914809744,high,22.972883216267704,3.7921880612173284,83.49276394470164,50.3448275862069
30503113,Tanc2_4v4_6.dcm,2.581395348837209,0.0491666666666666,0.9069767441860463,0.0058333333333333,757.8947368421052,0.0491666666666666,0.9908469406405268,high,0.9908469406405268,high,24.171889415582342,1.5792662472359327,93.46651715931704,64.86486486486487
30503113,Tanc2_4v4_6.dcm,2.6511627906976742,0.1283333333333333,0.994186046511628,0.08,699.0291262135921,0.1283333333333333,0.9908469406405268,high,0.9908469406405268,high,25.823545054964754,2.0265876265996403,92.15217112024666,62.5
30503113,Tanc2_4v4_6.dcm,2.319767441860465,0.2141666666666666,0.75,0.1658333333333333,705.8823529411765,0.2141666666666666,0.9908469406405268,high,0.9908469406405268,high,18.514448767176834,0.9375,94.93638718716791,67.66917293233082
30503113,Tanc2_4v4_6.dcm,2.5988372093023258,0.2991666666666667,0.6976744186046512,0.2491666666666666,719.9999999999999,0.2991666666666667,0.9980536403121572,high,0.9908469406405268,high,24.57911688274193,0.7673980091503078,96.87784547829246,73.15436241610739
30503113,Tanc2_4v4_6.dcm,2.703488372093023,0.3825,1.0290697674418603,0.3316666666666666,734.6938775510205,0.3825,0.9980536403121572,high,0.9980536403121572,high,27.10219266977365,2.224621740216453,91.79172782319745,61.935483870967744
30503113,Tanc2_4v4_6.dcm,2.686046511627907,0.4641666666666666,0.9767441860465116,0.4183333333333333,679.2452830188679,0.4641666666666666,0.9980536403121572,high,0.9980536403121572,high,26.67216680354412,1.931712026603614,92.75757368783802,63.63636363636363
30503113,Tanc2_4v4_6.dcm,2.4244186046511627,0.5525,0.8372093023255813,0.5016666666666667,705.8823529411765,0.5525,0.8817207044467582,high,0.9980536403121572,high,20.676445481464448,1.268905839130191,93.86303685385522,65.46762589928058
30503113,Tanc2_4v4_6.dcm,2.5988372093023258,0.6375000000000001,1.0813953488372092,0.5883333333333334,791.2087912087911,0.6375000000000001,0.8817207044467582,high,0.8817207044467582,high,24.57911688274193,2.542717939936119,89.65496623793888,58.38926174496645
30503113,Tanc2_4v4_6.dcm,2.494186046511628,0.7133333333333334,0.8895348837209303,0.6725000000000001,660.5504587155963,0.7133333333333334,0.8817207044467582,high,0.8817207044467582,high,22.192391299529287,1.4977954106057159,93.25086066485551,64.33566433566433
30503113,Tanc2_4v4_6.dcm,2.38953488372093,0.8041666666666667,0.8895348837209303,0.7558333333333334,727.2727272727273,0.8041666666666667,0.864656301840291,high,0.8817207044467582,high,19.94090315053864,1.4977954106057159,92.48882861875161,62.77372262773723
30503113,Tanc2_4v4_6.dcm,2.755813953488372,0.8866666666666667,1.0290697674418603,0.8391666666666667,679.2452830188679,0.8866666666666667,0.864656301840291,high,0.864656301840291,high,28.41518492605812,2.224621740216453,92.17101086617822,62.65822784810127
30503113,Tanc2_4v4_6.dcm,2.319767441860465,0.975,1.0290697674418603,0.9266666666666667,705.8823529411765,0.975,0.864656301840291,high,0.864656301840291,high,18.514448767176834,2.224621740216453,87.98440197603749,55.639097744360896
30503113,Tanc2_4v4_6.dcm,2.494186046511628,1.65,0.7325581395348837,1.6041666666666667,699.0291262135921,1.65,0.7340158555752005,high,0.7340158555752005,high,22.192391299529287,0.8784664798042883,96.0415871009677,70.62937062937064
30503113,Tanc2_4v4_6.dcm,2.511627906976744,1.7358333333333331,0.8023255813953488,1.6891666666666667,705.8823529411765,1.7358333333333331,0.7340158555752005,high,0.7340158555752005,high,22.580756182703183,1.1289753868015566,95.00027644040394,68.05555555555554
30503113,Tanc2_4v4_6.dcm,2.2151162790697674,2.155,0.7674418604651163,2.1108333333333333,692.3076923076923,2.155,0.6710778505816585,high,0.6710778505816585,high,16.4856083726081,0.9989088041398734,93.94072222533428,65.35433070866141
30503113,Tanc2_4v4_6.dcm,2.354651162790698,2.2416666666666667,0.9244186046511628,2.19,712.8712871287129,2.2416666666666667,0.6710778505816585,high,0.6710778505816585,high,19.22025342266269,1.6633680992022573,91.34575355161046,60.74074074074075
30503113,Tanc2_4v4_6.dcm,2.476744186046512,2.664166666666667,0.9593023255813954,2.611666666666667,727.2727272727273,2.664166666666667,0.9073202115894552,high,0.9073202115894552,high,21.807783235109113,1.8395662848824579,91.56463421774627,61.26760563380282
30503113,Tanc2_4v4_6.dcm,2.319767441860465,2.746666666666667,0.8895348837209303,2.6991666666666667,699.0291262135921,2.746666666666667,0.9073202115894552,high,0.9073202115894552,high,18.514448767176834,1.4977954106057159,91.91012689904619,61.65413533834586
30503113,Tanc2_4v4_6.dcm,2.2674418604651163,3.1808333333333336,0.7848837209302325,3.121666666666667,791.2087912087911,3.1808333333333336,0.7687499745027442,high,0.7687499745027442,high,17.483468824500942,1.0627238414299311,93.92155039656286,65.38461538461539
30503113,Tanc2_4v4_6.dcm,2.2151162790697674,3.256666666666667,0.7151162790697674,3.206666666666667,672.8971962616822,3.256666666666667,0.7687499745027442,high,0.7687499745027442,high,16.4856083726081,0.8217766011954041,95.01518789830747,67.71653543307087
30503113,Tanc2_4v4_6.dcm,2.2848837209302326,3.3458333333333337,0.8023255813953488,3.2958333333333334,727.2727272727273,3.3458333333333337,0.7687499745027442,high,0.7687499745027442,high,17.82344023776512,1.1289753868015566,93.66578297039742,64.8854961832061
30503113,Tanc2_4v4_6.dcm,2.302325581395349,3.9475,0.75,3.8975,679.2452830188679,3.9475,0.9545670598919316,high,0.9545670598919316,high,18.167098102591343,0.9375,94.83957209508173,67.42424242424244
30503113,Tanc2_4v4_6.dcm,2.25,4.035833333333334,0.7848837209302325,3.980833333333333,727.2727272727273,4.035833333333334,0.9545670598919316,high,0.9545670598919316,high,17.14717741935484,1.0627238414299311,93.80233950206647,65.11627906976743
30503113,Tanc2_4v4_6.dcm,2.1802325581395348,4.118333333333333,0.75,4.064166666666667,672.8971962616822,4.118333333333333,0.9545670598919316,high,0.9545670598919316,high,15.838679575876627,0.9375,94.08094598095238,65.60000000000001
30503113,Tanc2_4v4_6.dcm,2.232558139534884,4.2075000000000005,0.8372093023255813,4.155,750.0,4.2075000000000005,0.6703938595304471,high,0.6703938595304471,high,16.814559481843006,1.268905839130191,92.45352909482759,62.500000000000014
30503113,Tanc2_4v4_6.dcm,2.25,4.2875000000000005,0.7674418604651163,4.238333333333333,727.2727272727273,4.2875000000000005,0.6703938595304471,high,0.6703938595304471,high,17.14717741935484,0.9989088041398734,94.17450009578627,65.89147286821705
30503113,Tanc2_4v4_6.dcm,2.302325581395349,4.37,0.8895348837209303,4.325833333333334,666.6666666666666,4.37,0.6703938595304471,high,0.6703938595304471,high,18.167098102591343,1.4977954106057159,91.75545041840188,61.36363636363637
30502712,Tanc2_4v4_57.dcm,3.1569767441860463,2.626666666666667,1.377906976744186,2.665833333333333,734.6938775510205,2.626666666666667,0.9940992007603614,high,0.9940992007603614,high,39.63452053026066,4.84737342113503,87.76981944960303,56.353591160220994
30502712,Tanc2_4v4_57.dcm,3.313953488372093,2.708333333333333,1.3255813953488371,2.7475,727.2727272727273,2.708333333333333,0.9940992007603614,high,0.9940992007603614,high,44.58621084161918,4.376462223734663,90.18426966292135,60.00000000000001
30502712,Tanc2_4v4_57.dcm,2.895348837209302,2.790833333333333,0.994186046511628,2.839166666666667,654.5454545454545,2.790833333333333,0.9940992007603614,high,0.998609507806222,high,32.085303561160075,2.0265876265996403,93.68375112070666,65.66265060240963
30502712,Tanc2_4v4_57.dcm,2.9127906976744184,2.8825000000000003,1.2383720930232558,2.9250000000000003,705.8823529411765,2.8825000000000003,0.998609507806222,high,0.998609507806222,high,32.56140754776143,3.6537968555468034,88.77875027304218,57.48502994011976
30502712,Tanc2_4v4_57.dcm,2.877906976744186,2.9675,1.0988372093023255,3.01,600.0,2.9675,0.998609507806222,high,0.998609507806222,high,31.613062110527935,2.654448936856278,91.6033159724433,61.81818181818181
30502712,Tanc2_4v4_57.dcm,2.38953488372093,3.0675000000000003,0.994186046511628,3.0941666666666667,799.9999999999999,3.0675000000000003,0.998609507806222,high,0.9918074847128469,high,19.94090315053864,2.0265876265996403,89.83703189719921,58.3941605839416
30502712,Tanc2_4v4_57.dcm,2.546511627906977,3.1425,1.1337209302325582,3.1791666666666667,642.8571428571428,3.1425,0.9918074847128469,high,0.9918074847128469,high,23.368777656660367,2.8865845615970214,87.64768699498362,55.47945205479452
30502712,Tanc2_4v4_57.dcm,2.232558139534884,3.2358333333333333,0.9244186046511628,3.265,765.9574468085106,3.2358333333333333,0.9918074847128469,high,0.9918074847128469,high,16.814559481843006,1.6633680992022573,90.1075725415321,58.593750000000014
30502712,Tanc2_4v4_57.dcm,2.6686046511627906,3.314166666666667,1.0290697674418603,3.349166666666667,727.2727272727273,3.314166666666667,0.9918074847128469,high,0.9785116801387282,high,26.245952477241655,2.224621740216453,91.52394357893674,61.43790849673203
30502712,Tanc2_4v4_57.dcm,2.6686046511627906,3.396666666666667,0.9593023255813954,3.439166666666667,734.6938775510205,3.396666666666667,0.9785116801387282,high,0.9785116801387282,high,26.245952477241655,1.8395662848824579,92.99104771877651,64.05228758169935
30502712,Tanc2_4v4_57.dcm,2.877906976744186,3.478333333333333,1.1162790697674418,3.5225000000000004,642.8571428571428,3.478333333333333,0.9785116801387282,high,0.9785116801387282,high,31.613062110527935,2.769064359113034,91.2407588058644,61.212121212121204
30502712,Tanc2_4v4_57.dcm,2.808139534883721,3.5716666666666668,1.1337209302325582,3.604166666666667,719.9999999999999,3.5716666666666668,0.9785116801387282,high,0.9785116801387282,high,29.762641991272055,2.8865845615970214,90.30131611822794,59.62732919254658
30502712,Tanc2_4v4_57.dcm,2.633720930232558,3.655,0.9767441860465116,3.689166666666667,847.0588235294118,3.655,0.5405696567706753,high,0.5405696567706753,high,25.404939836558274,1.931712026603614,92.3963133192552,62.913907284768214
30502712,Tanc2_4v4_57.dcm,2.4069767441860463,3.7258333333333336,0.9244186046511628,3.78,590.1639344262295,3.7258333333333336,0.5405696567706753,high,0.5405696567706753,high,20.306809823848607,1.6633680992022573,91.80881628561482,61.59420289855073
30502712,Tanc2_4v4_57.dcm,2.511627906976744,3.8275,1.3255813953488371,3.8533333333333335,808.9887640449438,3.8275,0.5405696567706753,high,0.5405696567706753,high,22.580756182703183,4.376462223734663,80.61861972945341,47.22222222222223
30502712,Tanc2_4v4_57.dcm,2.5290697674418605,4.164166666666667,0.9593023255813954,4.204166666666667,742.2680412371134,4.164166666666667,0.8899789485129492,high,0.8899789485129492,high,22.972883216267704,1.8395662848824579,91.9924448857172,62.06896551724138
30502712,Tanc2_4v4_57.dcm,2.877906976744186,4.245,1.0988372093023255,4.286666666666667,727.2727272727273,4.245,0.8899789485129492,high,0.8899789485129492,high,31.613062110527935,2.654448936856278,91.6033159724433,61.81818181818181
30502712,Tanc2_4v4_57.dcm,2.459302325581396,4.327500000000001,1.0290697674418603,4.366666666666667,685.7142857142857,4.327500000000001,0.8899789485129492,high,0.8899789485129492,high,21.42692658125676,2.224621740216453,89.61763493340924,58.156028368794345
30503110,Tanc2_4v4_18.dcm,2.755813953488372,0.0283333333333333,0.8895348837209303,0.0666666666666666,734.6938775510205,0.0283333333333333,0.9999673326942646,high,0.9999673326942646,high,28.41518492605812,1.4977954106057159,94.72889085711294,67.72151898734177
30503110,Tanc2_4v4_18.dcm,2.686046511627907,0.11,1.0465116279069768,0.1491666666666666,750.0,0.11,0.9999673326942646,high,0.9999673326942646,high,26.67216680354412,2.32782574233145,91.27245356750643,61.038961038961034
30503110,Tanc2_4v4_18.dcm,2.546511627906977,0.19,0.6976744186046512,0.2291666666666666,742.2680412371134,0.19,0.9999673326942646,high,0.9999673326942646,high,23.368777656660367,0.7673980091503078,96.7161397124612,72.6027397260274
30503110,Tanc2_4v4_18.dcm,2.459302325581396,0.2708333333333333,0.8197674418604651,0.3125,712.8712871287129,0.2708333333333333,0.9381810802757424,high,0.9381810802757424,high,21.42692658125676,1.1976930591746175,94.41033666385779,66.66666666666667
30503110,Tanc2_4v4_18.dcm,2.0755813953488373,0.355,0.5581395348837209,0.3916666666666667,757.8947368421052,0.355,0.9381810802757424,high,0.9381810802757424,high,13.985174439681538,0.41144116656632346,97.05801905910519,73.10924369747899
30503110,Tanc2_4v4_18.dcm,2.302325581395349,0.4341666666666667,0.75,0.4766666666666667,719.9999999999999,0.4341666666666667,0.9381810802757424,high,0.9381810802757424,high,18.167098102591343,0.9375,94.83957209508173,67.42424242424244
30503110,Tanc2_4v4_18.dcm,2.110465116279069,0.5175000000000001,0.6453488372093024,0.555,719.9999999999999,0.5175000000000001,0.8847827096328673,high,0.8847827096328673,high,14.588520367189126,0.6177952836027276,95.76519572888142,69.42148760330578
30503110,Tanc2_4v4_18.dcm,2.0406976744186047,0.6008333333333333,0.6453488372093024,0.635,734.6938775510205,0.6008333333333333,0.8847827096328673,high,0.8847827096328673,high,13.39623759493784,0.6177952836027276,95.38829257674423,68.37606837606837
30503110,Tanc2_4v4_18.dcm,2.4069767441860463,0.6825,0.8546511627906976,0.7183333333333334,719.9999999999999,0.6825,0.8847827096328673,high,0.8847827096328673,high,20.306809823848607,1.3426420860150354,93.3882175602087,64.4927536231884
30503110,Tanc2_4v4_18.dcm,2.232558139534884,0.7658333333333334,0.8023255813953488,0.7966666666666667,750.0,0.7658333333333334,0.8847827096328673,high,0.9979994926789658,high,16.814559481843006,1.1289753868015566,93.2857272412003,64.0625
30503110,Tanc2_4v4_18.dcm,2.110465116279069,0.8458333333333334,0.8023255813953488,0.8825000000000001,727.2727272727273,0.8458333333333334,0.9979994926789658,high,0.9979994926789658,high,14.588520367189126,1.1289753868015566,92.2612070423487,61.98347107438015
30503110,Tanc2_4v4_18.dcm,2.459302325581396,0.9283333333333332,0.7848837209302325,0.9641666666666668,742.2680412371134,0.9283333333333332,0.9979994926789658,high,0.9979994926789658,high,21.42692658125676,1.0627238414299311,95.04024136452891,68.08510638297874
30503110,Tanc2_4v4_18.dcm,2.354651162790698,1.0091666666666668,0.8372093023255813,1.0458333333333334,712.8712871287129,1.0091666666666668,0.9979994926789658,high,0.9979101437839396,high,19.22025342266269,1.268905839130191,93.39807956104252,64.44444444444444
30503110,Tanc2_4v4_18.dcm,2.441860465116279,1.0933333333333335,0.994186046511628,1.1291666666666669,742.2680412371134,1.0933333333333335,0.9979101437839396,high,0.9979101437839396,high,21.049815851858547,2.0265876265996403,90.37242111350487,59.285714285714285
30503110,Tanc2_4v4_18.dcm,2.546511627906977,1.1741666666666668,0.8197674418604651,1.2108333333333334,765.9574468085106,1.1741666666666668,0.9979101437839396,high,0.9979101437839396,high,23.368777656660367,1.1976930591746175,94.87481511968059,67.80821917808218
30503110,Tanc2_4v4_18.dcm,2.581395348837209,1.2525000000000002,0.7674418604651163,1.2916666666666667,705.8823529411765,1.2525000000000002,0.9979101437839396,high,0.9997084573866482,high,24.171889415582342,0.9989088041398734,95.86747735369032,70.27027027027026
30503110,Tanc2_4v4_18.dcm,2.441860465116279,1.3375,0.9418604651162792,1.3766666666666667,742.2680412371134,1.3375,0.9997084573866482,high,0.9997084573866482,high,21.049815851858547,1.7501264577930187,91.68578732417512,61.42857142857142
30503110,Tanc2_4v4_18.dcm,2.6162790697674416,1.4183333333333334,0.8372093023255813,1.4558333333333335,727.2727272727273,1.4183333333333334,0.9997084573866482,high,0.9997084573866482,high,24.990132056496346,1.268905839130191,94.9223724137931,68.0
30503110,Tanc2_4v4_18.dcm,2.5290697674418605,1.5008333333333337,0.8546511627906976,1.5375,719.9999999999999,1.5008333333333337,0.9997084573866482,high,0.9997084573866482,high,22.972883216267704,1.3426420860150354,94.1555351438679,66.20689655172414
30503110,Tanc2_4v4_18.dcm,2.476744186046512,1.5841666666666667,1.1337209302325582,1.6183333333333334,750.0,1.5841666666666667,0.9999774896238792,high,0.9999774896238792,high,21.807783235109113,2.8865845615970214,86.7635122264522,54.22535211267606
30503110,Tanc2_4v4_18.dcm,2.703488372093023,1.6641666666666668,0.9593023255813954,1.7066666666666668,719.9999999999999,1.6641666666666668,0.9999774896238792,high,0.9999774896238792,high,27.10219266977365,1.8395662848824579,93.21248170841145,64.51612903225806
30503110,Tanc2_4v4_18.dcm,2.6511627906976742,1.7475,1.0116279069767442,1.784166666666667,727.2727272727273,1.7475,0.9999774896238792,high,0.9999774896238792,high,25.823545054964754,2.124216538868631,91.7741095022109,61.84210526315789
30503110,Tanc2_4v4_18.dcm,2.494186046511628,1.83,1.1337209302325582,1.8675,742.2680412371134,1.83,0.9999909920688062,high,0.9999909920688062,high,22.192391299529287,2.8865845615970214,86.99290886395713,54.54545454545454
30503110,Tanc2_4v4_18.dcm,2.7209302325581395,1.9108333333333327,0.9593023255813954,1.9483333333333333,727.2727272727273,1.9108333333333327,0.9999909920688062,high,0.9999909920688062,high,27.536034648672306,1.8395662848824579,93.31942195616334,64.74358974358975
30503110,Tanc2_4v4_18.dcm,2.459302325581396,1.9933333333333327,1.0116279069767442,2.0308333333333333,719.9999999999999,1.9933333333333327,0.9999909920688062,high,0.9999909920688062,high,21.42692658125676,2.124216538868631,90.08622850872699,58.86524822695037
30503110,Tanc2_4v4_18.dcm,2.511627906976744,2.0766666666666667,1.063953488372093,2.1108333333333333,757.8947368421052,2.0766666666666667,0.9999923786628728,high,0.9999923786628728,high,22.580756182703183,2.4338506034943355,89.2215717498484,57.63888888888889
30503110,Tanc2_4v4_18.dcm,2.755813953488372,2.1558333333333333,0.9767441860465116,2.1933333333333334,742.2680412371134,2.1558333333333333,0.9999923786628728,high,0.9999923786628728,high,28.41518492605812,1.931712026603614,93.20183193728879,64.55696202531645
30503110,Tanc2_4v4_18.dcm,2.581395348837209,2.236666666666667,0.8546511627906976,2.274166666666667,719.9999999999999,2.236666666666667,0.9999923786628728,high,0.9999923786628728,high,24.171889415582342,1.3426420860150354,94.44544006084395,66.89189189189189
30503110,Tanc2_4v4_18.dcm,2.494186046511628,2.3200000000000003,0.994186046511628,2.3575000000000004,757.8947368421052,2.3200000000000003,0.9999884939087368,high,0.9999884939087368,high,22.192391299529287,2.0265876265996403,90.86809709126467,60.13986013986013
30503110,Tanc2_4v4_18.dcm,2.686046511627907,2.399166666666667,0.9593023255813954,2.441666666666667,712.8712871287129,2.399166666666667,0.9999884939087368,high,0.9999884939087368,high,26.67216680354412,1.8395662848824579,93.10304896324351,64.28571428571429
30503110,Tanc2_4v4_18.dcm,2.581395348837209,2.4833333333333334,0.9418604651162792,2.520833333333333,765.9574468085106,2.4833333333333334,0.9999884939087368,high,0.9999884939087368,high,24.171889415582342,1.7501264577930187,92.75966215257958,63.51351351351351
30503110,Tanc2_4v4_18.dcm,2.5988372093023258,3.964166666666667,0.994186046511628,3.92,750.0,3.964166666666667,0.5411838215759652,high,0.5411838215759652,high,24.57911688274193,2.0265876265996403,91.75483954013582,61.74496644295302
30503110,Tanc2_4v4_18.dcm,2.947674418604651,4.044166666666667,0.7674418604651163,4.003333333333334,712.8712871287129,4.044166666666667,0.5411838215759652,high,0.5411838215759652,high,33.52521864836231,0.9989088041398734,97.02042568426718,73.96449704142012
30503110,Tanc2_4v4_18.dcm,2.9302325581395348,4.128333333333334,0.8372093023255813,4.085,742.2680412371134,4.128333333333334,0.8430408934797252,high,0.5411838215759652,high,33.04137796290056,1.268905839130191,96.15964612445964,71.42857142857144
30503110,Tanc2_4v4_18.dcm,2.633720930232558,4.2091666666666665,0.9069767441860463,4.168333333333334,734.6938775510205,4.2091666666666665,0.8430408934797252,high,0.8430408934797252,high,25.404939836558274,1.5792662472359327,93.78362532091758,65.56291390728477
30503110,Tanc2_4v4_18.dcm,2.8430232558139537,4.2908333333333335,0.9244186046511628,4.2475000000000005,742.2680412371134,4.2908333333333335,0.8430408934797252,high,0.8430408934797252,high,30.680150987910604,1.6633680992022573,94.57835751897798,67.48466257668713
30503110,Tanc2_4v4_18.dcm,3.1220930232558137,4.371666666666667,0.6627906976744186,4.3308333333333335,705.8823529411765,4.371666666666667,0.8430408934797252,high,0.8430408934797252,high,38.57730085870459,0.6654415795769677,98.27504370506828,78.77094972067039
30503110,Tanc2_4v4_18.dcm,2.686046511627907,4.456666666666667,0.6976744186046512,4.413333333333334,727.2727272727273,4.456666666666667,0.7538767874270957,high,0.7538767874270957,high,26.67216680354412,0.7673980091503078,97.1228508924579,74.02597402597402
30503110,Tanc2_4v4_18.dcm,2.8430232558139537,4.539166666666667,0.9244186046511628,4.495,742.2680412371134,4.539166666666667,0.7538767874270957,high,0.7538767874270957,high,30.680150987910604,1.6633680992022573,94.57835751897798,67.48466257668713
30503110,Tanc2_4v4_18.dcm,3.1046511627906974,4.62,0.8023255813953488,4.579166666666667,712.8712871287129,4.62,0.7538767874270957,high,0.7538767874270957,high,38.05455677408608,1.1289753868015566,97.03327148571508,74.15730337078651
30503110,Tanc2_4v4_18.dcm,2.686046511627907,4.704166666666667,0.7151162790697674,4.66,750.0,4.704166666666667,0.9919044131137924,high,0.9919044131137924,high,26.67216680354412,0.8217766011954041,96.91897322310459,73.37662337662337
30503110,Tanc2_4v4_18.dcm,2.9302325581395348,4.784166666666667,0.9244186046511628,4.741666666666667,765.9574468085106,4.784166666666667,0.9919044131137924,high,0.9919044131137924,high,33.04137796290056,1.6633680992022573,94.96580287580646,68.45238095238095
30503110,Tanc2_4v4_16.dcm,4.203488372093023,1.143333333333333,2.9651162790697674,1.0533333333333337,493.1506849315068,1.143333333333333,0.5139371294049115,high,0.5139371294049115,high,78.73252390892752,34.01293339597336,56.7993864450259,29.460580912863072
30503110,Tanc2_4v4_16.dcm,2.8430232558139537,2.245,0.6627906976744186,2.1225,699.0291262135921,2.245,0.9530251576149168,high,0.9530251576149168,high,30.680150987910604,0.6654415795769677,97.83103551270271,76.68711656441718
30503110,Tanc2_4v4_16.dcm,2.738372093023256,2.330833333333333,0.75,2.205,757.8947368421052,2.330833333333333,0.9999592496102369,high,0.9530251576149168,high,27.97369725089469,0.9375,96.64863749831991,72.61146496815286
30503110,Tanc2_4v4_16.dcm,2.738372093023256,2.41,1.0465116279069768,2.286666666666666,727.2727272727273,2.41,0.9999592496102369,high,0.9530251576149168,high,27.97369725089469,2.32782574233145,91.6785195698184,61.78343949044586
30503110,Tanc2_4v4_16.dcm,2.5290697674418605,2.4925,1.0988372093023255,2.3675,699.0291262135921,2.4925,0.9999592496102369,high,0.9999592496102369,high,22.972883216267704,2.654448936856278,88.44529477703263,56.55172413793104
30503110,Tanc2_4v4_16.dcm,2.2674418604651163,2.5783333333333336,0.8197674418604651,2.4475,791.2087912087911,2.5783333333333336,0.697499334817596,high,0.9999592496102369,high,17.483468824500942,1.1976930591746175,93.14956847981908,63.84615384615384
30503110,Tanc2_4v4_16.dcm,2.25,2.654166666666667,0.8023255813953488,2.5325,699.0291262135921,2.654166666666667,0.697499334817596,high,0.9999592496102369,high,17.14717741935484,1.1289753868015566,93.4159695255312,64.34108527131782
30503110,Tanc2_4v4_16.dcm,2.005813953488372,2.74,0.4186046511627906,2.611666666666667,742.2680412371134,2.74,0.697499334817596,high,0.697499334817596,high,12.821647430273025,0.18216965017215608,98.5792024686154,79.1304347826087
30503110,Tanc2_4v4_16.dcm,2.145348837209302,2.8208333333333333,0.6976744186046512,2.6958333333333333,757.8947368421052,2.8208333333333333,0.697499334817596,high,0.697499334817596,high,15.2063358644838,0.7673980091503078,94.95343246401221,67.47967479674797
30503110,Tanc2_4v4_16.dcm,2.441860465116279,2.9000000000000004,0.6802325581395349,2.7758333333333334,719.9999999999999,2.9000000000000004,0.8589444472495121,high,0.697499334817596,high,21.049815851858547,0.7152976158028551,96.6018818367017,72.14285714285714
30503110,Tanc2_4v4_16.dcm,2.232558139534884,2.9833333333333334,0.6627906976744186,2.856666666666667,712.8712871287129,2.9833333333333334,0.8589444472495121,high,0.8589444472495121,high,16.814559481843006,0.6654415795769677,96.04246795584781,70.31250000000001
30503110,Tanc2_4v4_16.dcm,2.1802325581395348,3.0675000000000003,0.7151162790697674,2.9375,742.2680412371134,3.0675000000000003,0.8589444472495121,high,0.8589444472495121,high,15.838679575876627,0.8217766011954041,94.81158389966406,67.2
30503110,Tanc2_4v4_16.dcm,2.38953488372093,3.148333333333333,0.6976744186046512,3.0175,757.8947368421052,3.148333333333333,0.9904278342552876,high,0.8589444472495121,high,19.94090315053864,0.7673980091503078,96.1516386526877,70.8029197080292
30503110,Tanc2_4v4_16.dcm,2.38953488372093,3.2275,0.6976744186046512,3.1025,699.0291262135921,3.2275,0.9904278342552876,high,0.9904278342552876,high,19.94090315053864,0.7673980091503078,96.1516386526877,70.8029197080292
30503110,Tanc2_4v4_16.dcm,2.476744186046512,3.313333333333333,0.6976744186046512,3.184166666666667,750.0,3.313333333333333,0.9904278342552876,high,0.9904278342552876,high,21.807783235109113,0.7673980091503078,96.48108200234287,71.83098591549296
30503110,Tanc2_4v4_16.dcm,2.581395348837209,3.393333333333333,0.8197674418604651,3.2641666666666667,757.8947368421052,3.393333333333333,0.9988822996776432,high,0.9904278342552876,high,24.171889415582342,1.1976930591746175,95.04509954276669,68.24324324324323
30503110,Tanc2_4v4_16.dcm,2.6162790697674416,3.4725,1.0116279069767442,3.35,727.2727272727273,3.4725,0.9988822996776432,high,0.9988822996776432,high,24.990132056496346,2.124216538868631,91.49977865636598,61.33333333333333
30503110,Tanc2_4v4_16.dcm,2.4244186046511627,3.555,0.8197674418604651,3.4291666666666667,750.0,3.555,0.9988822996776432,high,0.9988822996776432,high,20.676445481464448,1.1976930591746175,94.20745185506716,66.18705035971222
30503110,Tanc2_4v4_16.dcm,2.5290697674418605,3.635,0.8023255813953488,3.5091666666666668,712.8712871287129,3.635,0.9997550583454718,high,0.9988822996776432,high,22.972883216267704,1.1289753868015566,95.08561735079861,68.27586206896551
30503110,Tanc2_4v4_16.dcm,2.546511627906977,3.7191666666666654,0.9593023255813954,3.5941666666666667,727.2727272727273,3.7191666666666654,0.9997550583454718,high,0.9988822996776432,high,23.368777656660367,1.8395662848824579,92.1281022400495,62.328767123287676
30503110,Tanc2_4v4_16.dcm,2.494186046511628,3.8016666666666654,0.872093023255814,3.6766666666666654,719.9999999999999,3.8016666666666654,0.9997550583454718,high,0.9997550583454718,high,22.192391299529287,1.418929554499003,93.60623406757838,65.03496503496503
30503110,Tanc2_4v4_16.dcm,2.7209302325581395,3.885,0.9418604651162792,3.756666666666667,727.2727272727273,3.885,0.9999883537340116,high,0.9997550583454718,high,27.536034648672306,1.7501264577930187,93.64423207581413,65.38461538461537
30503110,Tanc2_4v4_16.dcm,2.686046511627907,3.9675,1.1686046511627908,3.838333333333333,734.6938775510205,3.9675,0.9999883537340116,high,0.9997550583454718,high,26.67216680354412,3.1304187370838488,88.26335048014215,56.49350649350649
30503110,Tanc2_4v4_16.dcm,2.511627906976744,4.049166666666667,1.0813953488372092,3.925,757.8947368421052,4.049166666666667,0.9999883537340116,high,0.9999883537340116,high,22.580756182703183,2.542717939936119,88.73944734462066,56.94444444444445
30503110,Tanc2_4v4_16.dcm,2.703488372093023,4.128333333333334,1.1686046511627908,4.013333333333334,727.2727272727273,4.128333333333334,0.9996967702066824,high,0.9999883537340116,high,27.10219266977365,3.1304187370838488,88.44957389526965,56.774193548387096
30503110,Tanc2_4v4_16.dcm,2.511627906976744,4.210833333333333,1.0813953488372092,4.085,712.8712871287129,4.210833333333333,0.9996967702066824,high,0.9999883537340116,high,22.580756182703183,2.542717939936119,88.73944734462066,56.94444444444445
30503110,Tanc2_4v4_16.dcm,2.441860465116279,4.295,0.9418604651162792,4.169166666666667,742.2680412371134,4.295,0.9996967702066824,high,0.9996967702066824,high,21.049815851858547,1.7501264577930187,91.68578732417512,61.42857142857142
30503110,Tanc2_4v4_16.dcm,2.703488372093023,4.3758333333333335,0.994186046511628,4.2475000000000005,727.2727272727273,4.3758333333333335,0.9996967702066824,high,0.9996967702066824,high,27.10219266977365,2.0265876265996403,92.5224218892819,63.2258064516129
30503110,Tanc2_4v4_16.dcm,2.511627906976744,4.458333333333334,0.9767441860465116,4.331666666666667,727.2727272727273,4.458333333333334,0.9989911331128832,high,0.9996967702066824,high,22.580756182703183,1.931712026603614,91.4453173712433,61.111111111111114
30503110,Tanc2_4v4_16.dcm,2.546511627906977,4.5408333333333335,0.9418604651162792,4.415,757.8947368421052,4.5408333333333335,0.9989911331128832,high,0.9989911331128832,high,23.368777656660367,1.7501264577930187,92.51083439833143,63.013698630136986
30503110,Tanc2_4v4_16.dcm,2.703488372093023,4.62,0.8546511627906976,4.495,734.6938775510205,4.62,0.9989911331128832,high,0.9989911331128832,high,27.10219266977365,1.3426420860150354,95.04600198819911,68.38709677419355
30503110,Tanc2_4v4_16.dcm,2.581395348837209,4.701666666666667,0.9593023255813954,4.577500000000001,757.8947368421052,4.701666666666667,0.9999586267470923,high,0.9989911331128832,high,24.171889415582342,1.8395662848824579,92.38964628186415,62.83783783783784
30503110,Tanc2_4v4_16.dcm,2.354651162790698,4.780833333333334,0.9418604651162792,4.66,727.2727272727273,4.780833333333334,0.9999586267470923,high,0.9999586267470923,high,19.22025342266269,1.7501264577930187,90.89436325678496,60.0
30503109,Tanc2_4v4_19.dcm,2.6686046511627906,1.6991666666666667,2.127906976744186,1.6383333333333334,615.3846153846154,1.6991666666666667,0.969495222812016,high,0.969495222812016,high,26.245952477241655,14.895615711986903,43.24604631932043,20.261437908496735
30503109,Tanc2_4v4_19.dcm,3.453488372093023,1.7966666666666669,0.9069767441860463,1.7441666666666669,480.0,1.7966666666666669,0.969495222812016,high,0.969495222812016,high,49.25578832999959,1.5792662472359327,96.7937448556192,73.73737373737374
30503109,Tanc2_4v4_19.dcm,2.9127906976744184,2.1908333333333334,1.587209302325581,2.154166666666667,660.5504587155963,2.1908333333333334,0.7887542160357572,high,0.7887542160357572,high,32.56140754776143,7.019911007439642,78.44100873973964,45.508982035928156
30503109,Tanc2_4v4_19.dcm,2.9651162790697674,2.2816666666666667,1.691860465116279,2.251666666666667,473.6842105263157,2.2816666666666667,0.7887542160357572,high,0.7887542160357572,high,34.01293339597336,8.284586764256339,75.64283366033607,42.94117647058824
30503109,Tanc2_4v4_19.dcm,2.6686046511627906,2.4083333333333337,1.5,2.3375000000000004,610.1694915254237,2.4083333333333337,0.9533899871641976,high,0.9533899871641976,high,26.245952477241655,6.0576923076923075,76.91951811257358,43.79084967320261
30503109,Tanc2_4v4_19.dcm,2.8430232558139537,2.506666666666667,1.5174418604651163,2.436666666666667,847.0588235294118,2.506666666666667,0.9533899871641976,high,0.9533899871641976,high,30.680150987910604,6.243550971211606,79.64954287978617,46.625766871165645
30503109,Tanc2_4v4_19.dcm,2.8430232558139537,2.5775,1.569767441860465,2.5375,562.5,2.5775,0.968694328239249,high,0.9533899871641976,high,30.680150987910604,6.820856711603003,77.76785155232537,44.78527607361964
30503109,Tanc2_4v4_19.dcm,2.511627906976744,2.684166666666667,1.377906976744186,2.645,562.5,2.684166666666667,0.968694328239249,high,0.968694328239249,high,22.580756182703183,4.84737342113503,78.53316610872353,45.13888888888889
30503109,Tanc2_4v4_19.dcm,3.052325581395349,2.790833333333333,2.25,2.734166666666667,525.5474452554744,2.790833333333333,0.968694328239249,high,0.968694328239249,high,36.509747383811764,17.14717741935484,53.03397408069218,26.285714285714292
30503109,Tanc2_4v4_19.dcm,2.860465116279069,2.905,1.7093023255813953,2.8666666666666667,615.3846153846154,2.905,0.83994002204397,high,0.83994002204397,high,31.1446792516709,8.507199091694588,72.68490382273505,40.243902439024374
30503109,Tanc2_4v4_19.dcm,2.6511627906976742,3.0025000000000004,1.3255813953488371,2.95,483.2214765100671,3.0025000000000004,0.83994002204397,high,0.83994002204397,high,25.823545054964754,4.376462223734663,83.05243445692884,50.0
30503109,Tanc2_4v4_19.dcm,3.0174418604651163,3.126666666666667,1.1686046511627908,3.0458333333333334,562.5,3.126666666666667,0.8062180935166362,high,0.83994002204397,high,35.4993591974848,3.1304187370838488,91.18175987439895,61.27167630057804
30503109,Tanc2_4v4_19.dcm,2.6162790697674416,3.2333333333333334,1.6395348837209305,3.1625,493.1506849315068,3.2333333333333334,0.8062180935166362,high,0.8062180935166362,high,24.990132056496346,7.637103237431243,69.43952428836434,37.33333333333332
30503109,Tanc2_4v4_19.dcm,2.633720930232558,3.794166666666667,1.6569767441860466,3.66,654.5454545454545,3.794166666666667,0.9180065934812502,high,0.9180065934812502,high,25.404939836558274,7.849550017043445,69.10226882038206,37.086092715231786
30503109,Tanc2_4v4_19.dcm,2.6511627906976742,3.8858333333333337,1.4651162790697674,3.755,692.3076923076923,3.8858333333333337,0.9320224543651212,high,0.9180065934812502,high,25.823545054964754,5.69576100262997,77.94353567449129,44.73684210526316
30503109,Tanc2_4v4_19.dcm,2.8430232558139537,3.9725,1.3604651162790695,3.84,455.6962025316455,3.9725,0.9320224543651212,high,0.9180065934812502,high,30.680150987910604,4.6872563618101735,84.72218613377369,52.14723926380369
30503109,Tanc2_4v4_19.dcm,2.6686046511627906,4.104166666666667,1.4302325581395348,3.9525,750.0,4.104166666666667,0.9320224543651212,high,0.9320224543651212,high,26.245952477241655,5.346786920710352,79.62814675768901,46.40522875816993
30503109,Tanc2_4v4_19.dcm,2.982558139534884,4.184166666666667,1.4651162790697674,4.0425,537.3134328358209,4.184166666666667,0.9944416182450132,high,0.9320224543651212,high,34.50452594841163,5.69576100262997,83.4927133583988,50.87719298245615
30503109,Tanc2_4v4_19.dcm,2.6511627906976742,4.295833333333333,1.377906976744186,4.141666666666667,436.3636363636363,4.295833333333333,0.9944416182450132,high,0.9944416182450132,high,25.823545054964754,4.84737342113503,81.22886144866042,48.02631578947368
30503109,Tanc2_4v4_22.dcm,2.7209302325581395,0.29,0.9069767441860463,0.3266666666666666,765.9574468085106,0.29,0.6535581201219969,high,0.6535581201219969,high,27.536034648672306,1.5792662472359327,94.26472886388498,66.66666666666667
30503109,Tanc2_4v4_22.dcm,2.4244186046511627,0.3683333333333333,0.75,0.4091666666666667,705.8823529411765,0.3683333333333333,0.6535581201219969,high,0.6535581201219969,high,20.676445481464448,0.9375,95.46585509177373,69.06474820143885
30503109,Tanc2_4v4_22.dcm,2.581395348837209,0.4533333333333333,1.0290697674418603,0.4908333333333333,727.2727272727273,0.4533333333333333,0.6535581201219969,high,0.6535581201219969,high,24.171889415582342,2.224621740216453,90.79665762998917,60.135135135135144
30503109,Tanc2_4v4_22.dcm,2.9127906976744184,0.5358333333333334,0.9767441860465116,0.5725,765.9574468085106,0.5358333333333334,0.8278858103061396,high,0.8278858103061396,high,32.56140754776143,1.931712026603614,94.06747996452502,66.46706586826348
30503109,Tanc2_4v4_22.dcm,2.563953488372093,0.6141666666666667,0.9767441860465116,0.6583333333333333,727.2727272727273,0.6141666666666667,0.8278858103061396,high,0.8278858103061396,high,23.768444686440457,1.931712026603614,91.87278742009725,61.904761904761905
30503109,Tanc2_4v4_22.dcm,2.5988372093023258,0.6966666666666667,1.0465116279069768,0.7416666666666667,679.2452830188679,0.6966666666666667,0.8278858103061396,high,0.8278858103061396,high,24.57911688274193,2.32782574233145,90.52925394579202,59.73154362416108
30503109,Tanc2_4v4_22.dcm,2.5988372093023258,1.0333333333333334,0.9069767441860463,1.0733333333333337,727.2727272727273,1.0333333333333334,0.93711050658492,high,0.93711050658492,high,24.57911688274193,1.5792662472359327,93.57476407809915,65.1006711409396
30503109,Tanc2_4v4_22.dcm,2.38953488372093,1.1158333333333337,1.0813953488372092,1.1558333333333335,734.6938775510205,1.1158333333333337,0.93711050658492,high,0.93711050658492,high,19.94090315053864,2.542717939936119,87.24873231297232,54.74452554744526
30503109,Tanc2_4v4_22.dcm,2.441860465116279,1.1975,0.9593023255813954,1.2325000000000002,742.2680412371134,1.1975,0.93711050658492,high,0.93711050658492,high,21.049815851858547,1.8395662848824579,91.26089131691839,60.71428571428572
30503109,Tanc2_4v4_22.dcm,2.6686046511627906,1.278333333333333,0.9767441860465116,1.3183333333333334,692.3076923076923,1.278333333333333,0.93711050658492,high,0.6607414985943746,high,26.245952477241655,1.931712026603614,92.6399621873939,63.39869281045751
30503109,Tanc2_4v4_22.dcm,2.3720930232558137,1.365,0.9593023255813954,1.3975000000000002,742.2680412371134,1.365,0.6607414985943746,high,0.6607414985943746,high,19.57871964931257,1.8395662848824579,90.60425646910447,59.55882352941176
30503109,Tanc2_4v4_22.dcm,2.4069767441860463,1.4458333333333335,1.0116279069767442,1.481666666666667,799.9999999999999,1.4458333333333335,0.6607414985943746,high,0.6607414985943746,high,20.306809823848607,2.124216538868631,89.53938822840641,57.97101449275361
30503109,Tanc2_4v4_22.dcm,2.7906976744186047,2.4466666666666668,1.2383720930232558,2.4000000000000004,727.2727272727273,2.4466666666666668,0.9383154866470986,high,0.9383154866470986,high,29.30965299464401,3.6537968555468034,87.53381059743528,55.625
30503109,Tanc2_4v4_22.dcm,2.511627906976744,2.529166666666667,1.1337209302325582,2.4833333333333334,610.1694915254237,2.529166666666667,0.9383154866470986,high,0.9383154866470986,high,22.580756182703183,2.8865845615970214,87.21661693593707,54.861111111111114
30503109,Tanc2_4v4_22.dcm,2.633720930232558,2.6275,1.0290697674418603,2.5700000000000003,774.1935483870968,2.6275,0.9948373734591224,high,0.9383154866470986,high,25.404939836558274,2.224621740216453,91.24334970077287,60.9271523178808
30503109,Tanc2_4v4_22.dcm,2.982558139534884,2.705,1.1860465116279069,2.661666666666666,705.8823529411765,2.705,0.9948373734591224,high,0.9948373734591224,high,34.50452594841163,3.2567714591755346,90.56132095816997,60.233918128654985
30503109,Tanc2_4v4_22.dcm,2.703488372093023,2.79,1.0813953488372092,2.744166666666666,679.2452830188679,2.79,0.9948373734591224,high,0.9948373734591224,high,27.10219266977365,2.542717939936119,90.61803607214429,60.0
30503109,Tanc2_4v4_22.dcm,2.5988372093023258,2.8783333333333334,0.9244186046511628,2.8266666666666667,719.9999999999999,2.8783333333333334,0.9650457524879884,high,0.9948373734591224,high,24.57911688274193,1.6633680992022573,93.23259616227229,64.42953020134229
30503109,Tanc2_4v4_22.dcm,2.9651162790697674,2.961666666666667,1.3255813953488371,2.915,750.0,2.961666666666667,0.9650457524879884,high,0.9650457524879884,high,34.01293339597336,4.376462223734663,87.13294683294569,55.294117647058826
30503109,Tanc2_4v4_22.dcm,2.441860465116279,3.041666666666667,0.9418604651162792,3.0025000000000004,699.0291262135921,3.041666666666667,0.9650457524879884,high,0.9650457524879884,high,21.049815851858547,1.7501264577930187,91.68578732417512,61.42857142857142
30503109,Tanc2_4v4_22.dcm,2.703488372093023,3.1275000000000004,0.9593023255813954,3.08,765.9574468085106,3.1275000000000004,0.9850927731415609,high,0.9650457524879884,high,27.10219266977365,1.8395662848824579,93.21248170841145,64.51612903225806
30503109,Tanc2_4v4_22.dcm,2.808139534883721,3.205833333333333,1.2034883720930232,3.165833333333333,727.2727272727273,3.205833333333333,0.9850927731415609,high,0.9850927731415609,high,29.762641991272055,3.386106478371658,88.62296405216769,57.14285714285715
30503109,Tanc2_4v4_22.dcm,2.5290697674418605,3.2883333333333336,0.9767441860465116,3.246666666666667,685.7142857142857,3.2883333333333336,0.9850927731415609,high,0.9850927731415609,high,22.972883216267704,1.931712026603614,91.59133832519673,61.37931034482759
30503109,Tanc2_4v4_22.dcm,2.5988372093023258,3.375833333333333,0.8546511627906976,3.3266666666666667,750.0,3.375833333333333,0.7662751667927811,high,0.9850927731415609,high,24.57911688274193,1.3426420860150354,94.53746815876137,67.11409395973155
30503109,Tanc2_4v4_22.dcm,2.9302325581395348,3.455833333333333,0.9593023255813954,3.4125,705.8823529411765,3.455833333333333,0.7662751667927811,high,0.7662751667927811,high,33.04137796290056,1.8395662848824579,94.4325376291874,67.26190476190477
30503109,Tanc2_4v4_22.dcm,2.6162790697674416,3.540833333333333,0.9418604651162792,3.495,712.8712871287129,3.540833333333333,0.7662751667927811,high,0.7662751667927811,high,24.990132056496346,1.7501264577930187,92.9967298538622,63.99999999999999
30503109,Tanc2_4v4_22.dcm,2.738372093023256,3.625,0.9593023255813954,3.579166666666667,705.8823529411765,3.625,0.9996771842105848,high,0.7662751667927811,high,27.97369725089469,1.8395662848824579,93.42394296905596,64.96815286624205
30503109,Tanc2_4v4_22.dcm,2.7906976744186047,3.71,1.0813953488372092,3.661666666666667,727.2727272727273,3.71,0.9996771842105848,high,0.9996771842105848,high,29.30965299464401,2.542717939936119,91.32463990480963,61.25000000000001
30503109,Tanc2_4v4_22.dcm,2.633720930232558,3.7925,1.0290697674418603,3.7475,692.3076923076923,3.7925,0.9996771842105848,high,0.9996771842105848,high,25.404939836558274,2.224621740216453,91.24334970077287,60.9271523178808
30503109,Tanc2_4v4_22.dcm,2.6511627906976742,3.879166666666667,0.872093023255814,3.83,742.2680412371134,3.879166666666667,0.9990089757288374,high,0.9996771842105848,high,25.823545054964754,1.418929554499003,94.50528751386052,67.10526315789474
30503109,Tanc2_4v4_22.dcm,2.9651162790697674,3.96,1.1860465116279069,3.915,705.8823529411765,3.96,0.9990089757288374,high,0.9990089757288374,high,34.01293339597336,3.2567714591755346,90.42490272373541,60.0
30503109,Tanc2_4v4_22.dcm,2.6686046511627906,4.045,1.0988372093023255,3.9983333333333335,699.0291262135921,4.045,0.9990089757288374,high,0.9990089757288374,high,26.245952477241655,2.654448936856278,89.88625412181936,58.82352941176471
30503109,Tanc2_4v4_22.dcm,2.563953488372093,4.130833333333333,0.994186046511628,4.0808333333333335,692.3076923076923,4.130833333333333,0.996058056661972,high,0.9990089757288374,high,23.768444686440457,2.0265876265996403,91.47362120940215,61.224489795918366
30503109,Tanc2_4v4_22.dcm,2.8255813953488373,4.2175,1.2034883720930232,4.17,692.3076923076923,4.2175,0.996058056661972,high,0.996058056661972,high,30.219473269208414,3.386106478371658,88.79495202247,57.407407407407405
30503109,Tanc2_4v4_22.dcm,2.6686046511627906,4.304166666666667,1.1162790697674418,4.253333333333334,750.0,4.304166666666667,0.996058056661972,high,0.996058056661972,high,26.245952477241655,2.769064359113034,89.44955660681721,58.16993464052287
30503109,Tanc2_4v4_22.dcm,2.7209302325581395,4.384166666666667,1.1511627906976745,4.350833333333334,558.1395348837209,4.384166666666667,0.9990243919552756,high,0.996058056661972,high,27.536034648672306,3.0070294992992554,89.07965675644498,57.692307692307686
30503109,Tanc2_4v4_22.dcm,2.9127906976744184,4.491666666666667,1.2034883720930232,4.44,648.6486486486485,4.491666666666667,0.9990243919552756,high,0.9990243919552756,high,32.56140754776143,3.386106478371658,89.60085962683007,58.68263473053892
30503109,Tanc2_4v4_22.dcm,2.6511627906976742,4.584166666666667,1.1860465116279069,4.535,473.6842105263157,4.584166666666667,0.9990243919552756,high,0.9990243919552756,high,25.823545054964754,3.2567714591755346,87.38836417601232,55.26315789473685
30503113,Tanc2_4v4.dcm,2.2674418604651163,1.165,0.9244186046511628,1.1133333333333335,742.2680412371134,1.165,0.6195904924797527,high,0.6195904924797527,high,17.483468824500942,1.6633680992022573,90.48605219079151,59.23076923076924
30503113,Tanc2_4v4.dcm,2.25,1.2458333333333331,0.75,1.1975,637.1681415929203,1.2458333333333331,0.6195904924797527,high,0.6195904924797527,high,17.14717741935484,0.9375,94.5326278659612,66.66666666666666
30503113,Tanc2_4v4.dcm,2.2848837209302326,2.5283333333333333,1.0988372093023255,2.393333333333333,742.2680412371134,2.5283333333333333,0.6006915136721246,high,0.6006915136721246,high,17.82344023776512,2.654448936856278,85.10697765725435,51.90839694656489
30503113,Tanc2_4v4.dcm,2.511627906976744,2.609166666666667,0.872093023255814,2.48,719.9999999999999,2.609166666666667,0.8378016534808619,high,0.6006915136721246,high,22.580756182703183,1.418929554499003,93.71620001111434,65.27777777777779
30503113,Tanc2_4v4.dcm,2.476744186046512,2.6925000000000003,0.8895348837209303,2.563333333333333,666.6666666666666,2.6925000000000003,0.8378016534808619,high,0.6006915136721246,high,21.807783235109113,1.4977954106057159,93.13183098686362,64.08450704225352
30503113,Tanc2_4v4.dcm,2.494186046511628,2.7825,1.1511627906976745,2.6500000000000004,642.8571428571428,2.7825,0.8378016534808619,high,0.8378016534808619,high,22.192391299529287,3.0070294992992554,86.45017808710395,53.84615384615385
30503113,Tanc2_4v4.dcm,2.546511627906977,2.875833333333333,0.9244186046511628,2.7350000000000003,774.1935483870968,2.875833333333333,0.7687782665830422,high,0.8378016534808619,high,23.368777656660367,1.6633680992022573,92.88209197913191,63.69863013698631
30503113,Tanc2_4v4.dcm,2.7732558139534884,2.9533333333333336,0.75,2.8183333333333334,705.8823529411765,2.9533333333333336,0.7687782665830422,high,0.8378016534808619,high,28.8605020637716,0.9375,96.75161576216362,72.95597484276729
30503113,Tanc2_4v4.dcm,2.6511627906976742,3.0383333333333336,1.2209302325581397,2.9066666666666667,631.578947368421,3.0383333333333336,0.7687782665830422,high,0.7687782665830422,high,25.823545054964754,3.518442244987919,86.37506106346358,53.94736842105262
30503113,Tanc2_4v4.dcm,2.354651162790698,3.1333333333333337,0.994186046511628,2.9958333333333336,705.8823529411765,3.1333333333333337,0.8651695498534288,high,0.7687782665830422,high,19.22025342266269,2.0265876265996403,89.45597863860588,57.777777777777786
30503113,Tanc2_4v4.dcm,2.511627906976744,3.2183333333333337,0.75,3.0775,782.6086956521739,3.2183333333333337,0.8651695498534288,high,0.7687782665830422,high,22.580756182703183,0.9375,95.84823469854335,70.13888888888889
30503113,Tanc2_4v4.dcm,2.511627906976744,3.2950000000000004,0.9593023255813954,3.1675,679.2452830188679,3.2950000000000004,0.8651695498534288,high,0.8651695498534288,high,22.580756182703183,1.8395662848824579,91.85338936394184,61.80555555555556
30503113,Tanc2_4v4.dcm,2.441860465116279,4.591666666666667,1.0290697674418603,4.459166666666667,660.5504587155963,4.591666666666667,0.5452438653104612,high,0.5452438653104612,high,21.049815851858547,2.224621740216453,89.43163324623558,57.85714285714286
30502741,Tanc2_4v4_32.dcm,2.563953488372093,2.6533333333333333,1.4302325581395348,2.6075000000000004,782.6086956521739,2.6533333333333333,0.9363265298038188,high,0.9363265298038188,high,23.768444686440457,5.346786920710352,77.50468324180835,44.21768707482994
30502741,Tanc2_4v4_32.dcm,2.494186046511628,2.73,1.0988372093023255,2.6875,791.2087912087911,2.73,0.9363265298038188,high,0.9363265298038188,high,22.192391299529287,2.654448936856278,88.03892333624913,55.94405594405595
30502741,Tanc2_4v4_32.dcm,2.563953488372093,2.8058333333333336,1.3604651162790695,2.77,750.0,2.8058333333333336,0.9363265298038188,high,0.9363265298038188,high,23.768444686440457,4.6872563618101735,80.27949904318231,46.938775510204096
30502741,Tanc2_4v4_32.dcm,2.6162790697674416,2.8858333333333337,1.1162790697674418,2.841666666666667,791.2087912087911,2.8858333333333337,0.9682145344386583,high,0.9682145344386583,high,24.990132056496346,2.769064359113034,88.91936884185773,57.33333333333333
30502741,Tanc2_4v4_32.dcm,2.459302325581396,2.961666666666667,1.377906976744186,2.915833333333333,791.2087912087911,2.961666666666667,0.9682145344386583,high,0.9682145344386583,high,21.42692658125676,4.84737342113503,77.37718751799301,43.97163120567378
30502741,Tanc2_4v4_32.dcm,2.581395348837209,3.0375,1.3430232558139534,2.9958333333333336,757.8947368421052,3.0375,0.9682145344386583,high,0.9682145344386583,high,24.171889415582342,4.530291146268328,81.25801807057793,47.97297297297297
30502741,Tanc2_4v4_32.dcm,2.6162790697674416,3.1166666666666667,1.7267441860465116,3.0716666666666668,791.2087912087911,3.1166666666666667,0.9921412591854296,high,0.9682145344386583,high,24.990132056496346,8.733221979896376,65.05331800507186,34.0
30502741,Tanc2_4v4_32.dcm,2.633720930232558,3.1925000000000003,1.2732558139534884,3.1525000000000003,750.0,3.1925000000000003,0.9921412591854296,high,0.9921412591854296,high,25.404939836558274,3.933633276014293,84.51626612256838,51.65562913907284
30502741,Tanc2_4v4_32.dcm,2.581395348837209,3.2725000000000004,1.1511627906976745,3.226666666666667,847.0588235294118,3.2725000000000004,0.9921412591854296,high,0.9921412591854296,high,24.171889415582342,3.0070294992992554,87.55980780980744,55.405405405405396
30502741,Tanc2_4v4_32.dcm,2.232558139534884,3.3433333333333337,1.1860465116279069,3.309166666666667,719.9999999999999,3.3433333333333337,0.9921412591854296,high,0.9921412591854296,high,16.814559481843006,3.2567714591755346,80.6312412603356,46.875000000000014
30502741,Tanc2_4v4_32.dcm,2.441860465116279,3.4266666666666667,1.0116279069767442,3.3825000000000003,818.1818181818181,3.4266666666666667,0.9944925627172196,high,0.9944925627172196,high,21.049815851858547,2.124216538868631,89.90862174843645,58.57142857142858
30502741,Tanc2_4v4_32.dcm,2.5988372093023258,3.5000000000000004,1.0988372093023255,3.4675,782.6086956521739,3.5000000000000004,0.9944925627172196,high,0.9944925627172196,high,24.57911688274193,2.654448936856278,89.20038929990979,57.71812080536913
30502741,Tanc2_4v4_32.dcm,2.4244186046511627,3.576666666666667,0.994186046511628,3.540833333333333,799.9999999999999,3.576666666666667,0.9944925627172196,high,0.9944925627172196,high,20.676445481464448,2.0265876265996403,90.19856856723082,58.992805755395686
30502741,Tanc2_4v4_32.dcm,2.511627906976744,3.651666666666667,1.2383720930232558,3.6125,827.5862068965516,3.651666666666667,0.9972570649989556,high,0.9972570649989556,high,22.580756182703183,3.6537968555468034,83.81897919634062,50.69444444444444
30502741,Tanc2_4v4_32.dcm,2.4069767441860463,3.724166666666667,1.0988372093023255,3.691666666666667,692.3076923076923,3.724166666666667,0.9972570649989556,high,0.9972570649989556,high,20.306809823848607,2.654448936856278,86.92828189222094,54.347826086956516
30502741,Tanc2_4v4_32.dcm,2.581395348837209,3.8108333333333335,0.994186046511628,3.770000000000001,799.9999999999999,3.8108333333333335,0.9972570649989556,high,0.9972570649989556,high,24.171889415582342,2.0265876265996403,91.61593207813866,61.48648648648648
30502741,Tanc2_4v4_32.dcm,2.563953488372093,3.8858333333333337,1.1860465116279069,3.8458333333333337,750.0,3.8858333333333337,0.98862050322728,high,0.9972570649989556,high,23.768444686440457,3.2567714591755346,86.29791935425428,53.74149659863946
30502741,Tanc2_4v4_32.dcm,2.511627906976744,3.9658333333333338,1.0988372093023255,3.925,734.6938775510205,3.9658333333333338,0.98862050322728,high,0.98862050322728,high,22.580756182703183,2.654448936856278,88.24464107676971,56.25
30502741,Tanc2_4v4_32.dcm,2.476744186046512,4.0475,0.8197674418604651,4.0025,782.6086956521739,4.0475,0.98862050322728,high,0.98862050322728,high,21.807783235109113,1.1976930591746175,94.50795596112488,66.90140845070422
30502741,Tanc2_4v4_32.dcm,2.494186046511628,4.430000000000001,0.9244186046511628,4.465833333333333,734.6938775510205,4.430000000000001,0.9899850653243104,high,0.9899850653243104,high,22.192391299529287,1.6633680992022573,92.5047820365463,62.93706293706294
30502741,Tanc2_4v4_32.dcm,2.38953488372093,4.511666666666667,0.8197674418604651,4.544166666666667,418.6046511627907,4.511666666666667,0.9899850653243104,high,0.9899850653243104,high,19.94090315053864,1.1976930591746175,93.99378729171418,65.69343065693431
30502741,Tanc2_4v4_34.dcm,2.302325581395349,4.340833333333333,0.8197674418604651,4.1433333333333335,742.2680412371134,4.340833333333333,0.8724766292173954,high,0.8724766292173954,high,18.167098102591343,1.1976930591746175,93.40735073696894,64.39393939393939
