mouse_id,file,LVIDd_auto,LVIDd_auto_time,LVIDs_auto,LVIDs_auto_time,heart_rate_auto,heart_rate_auto_time,LVIDd_auto_quality_label,LVIDd_auto_quality_flag,LVIDs_auto_quality_label,LVIDs_auto_quality_flag,LV_Vold_auto,LV_Vols_auto,EF_auto,FS_auto,strain,sex,genotype,type,bw,EF_manual,FS_manual,LVIDd_manual,LVIDs_manual,dif_LVIDd,mean_LVIDd,dif_LVIDs,mean_LVIDs,dif_EF,dif_FS
30504924,Foxd2_5v5_59.dcm,2.6337209302325584,1.1416666666666668,0.8197674418604651,1.0933333333333335,705.8823529411765,1.1416666666666668,0.7165871849935345,high,0.7165871849935345,high,25.404939836558288,1.1976930591746175,95.28558986212946,68.87417218543047,C57BL/6N,f,control,wt (Foxd2),23.0,89.23,57.7,2.53,1.11,0.10372093023255857,2.581860465116279,-0.29023255813953497,0.9648837209302326,6.055589862129452,11.174172185430464
30504924,Foxd2_5v5_59.dcm,2.6860465116279064,1.2266666666666668,0.994186046511628,1.175,757.8947368421052,1.2266666666666668,0.7165871849935345,high,0.7165871849935345,high,26.67216680354412,2.0265876265996403,92.40186355489368,62.98701298701298,C57BL/6N,f,control,wt (Foxd2),23.0,89.23,57.7,2.53,1.11,0.15604651162790661,2.6080232558139533,-0.11581395348837209,1.052093023255814,3.171863554893676,5.287012987012979
30504924,Foxd2_5v5_59.dcm,2.2848837209302326,2.2425,0.7674418604651163,2.1991666666666667,660.5504587155963,2.2425,0.8373076288092577,high,0.8373076288092577,high,17.82344023776512,0.9989088041398734,94.39553312483784,66.41221374045801,C57BL/6N,f,control,wt (Foxd2),23.0,89.23,57.7,2.53,1.11,-0.24511627906976718,2.4074418604651164,-0.3425581395348838,0.9387209302325582,5.165533124837836,8.712213740458012
30504924,Foxd2_5v5_59.dcm,2.459302325581396,2.333333333333333,0.75,2.2783333333333333,727.2727272727273,2.333333333333333,0.8373076288092577,high,0.8373076288092577,high,21.42692658125676,0.9375,95.624664151227,69.50354609929079,C57BL/6N,f,control,wt (Foxd2),23.0,89.23,57.7,2.53,1.11,-0.07069767441860364,2.494651162790698,-0.3600000000000001,0.93,6.394664151226991,11.803546099290784
30504924,Foxd2_5v5_59.dcm,2.947674418604651,3.3683333333333336,1.3953488372093024,3.2425,679.2452830188679,3.3683333333333336,0.7673308999949462,high,0.7673308999949462,high,33.52521864836231,5.010657589157892,85.05406439936027,52.66272189349112,C57BL/6N,f,control,wt (Foxd2),23.0,89.23,57.7,2.53,1.11,0.41767441860465127,2.7388372093023254,0.28534883720930226,1.2526744186046512,-4.175935600639733,-5.037278106508886
30504924,Foxd2_5v5_59.dcm,2.860465116279069,3.7183333333333337,1.412790697674419,3.684166666666667,685.7142857142858,3.7183333333333337,0.9420628228018167,high,0.9420628228018167,high,31.1446792516709,5.177123851472349,83.37718038565257,50.60975609756096,C57BL/6N,f,control,wt (Foxd2),23.0,89.23,57.7,2.53,1.11,0.33046511627906927,2.6952325581395344,0.3027906976744188,1.2613953488372096,-5.852819614347439,-7.090243902439042
30504924,Foxd2_5v5_59.dcm,2.6162790697674416,3.8058333333333336,1.2209302325581397,3.7658333333333336,719.9999999999999,3.8058333333333336,0.9420628228018167,high,0.9420628228018167,high,24.990132056496343,3.518442244987919,85.92067366017268,53.33333333333332,C57BL/6N,f,control,wt (Foxd2),23.0,89.23,57.7,2.53,1.11,0.08627906976744182,2.5731395348837207,0.11093023255813961,1.16546511627907,-3.3093263398273223,-4.366666666666681
30504924,Foxd2_5v5_59.dcm,2.8255813953488373,3.889166666666666,1.0290697674418603,3.84,705.8823529411765,3.889166666666666,0.9998495458969202,high,0.9420628228018167,high,30.21947326920841,2.224621740216453,92.6384496500037,63.580246913580254,C57BL/6N,f,control,wt (Foxd2),23.0,89.23,57.7,2.53,1.11,0.29558139534883754,2.6777906976744186,-0.0809302325581398,1.0695348837209302,3.408449650003689,5.880246913580251
30504924,Foxd2_5v5_59.dcm,2.808139534883721,3.974166666666667,1.2209302325581397,3.9308333333333336,712.8712871287129,3.974166666666667,0.9998495458969202,high,0.9998495458969202,high,29.76264199127205,3.518442244987919,88.17832689040272,56.52173913043478,C57BL/6N,f,control,wt (Foxd2),23.0,89.23,57.7,2.53,1.11,0.27813953488372123,2.6690697674418606,0.11093023255813961,1.16546511627907,-1.0516731095972887,-1.1782608695652215
30504924,Foxd2_5v5_59.dcm,2.3372093023255816,4.058333333333334,0.9244186046511628,4.0125,666.6666666666666,4.058333333333334,0.9998495458969202,high,0.9998495458969202,high,18.86549848622549,1.6633680992022573,91.18301538431784,60.44776119402986,C57BL/6N,f,control,wt (Foxd2),23.0,89.23,57.7,2.53,1.11,-0.19279069767441825,2.4336046511627907,-0.18558139534883733,1.0172093023255815,1.9530153843178368,2.747761194029856
30504924,Foxd2_5v5_59.dcm,2.4069767441860463,4.148333333333333,0.7151162790697674,4.1025,699.0291262135921,4.148333333333333,0.9976400836675652,high,0.9976400836675652,high,20.306809823848607,0.8217766011954041,95.9531969407115,70.28985507246377,C57BL/6N,f,control,wt (Foxd2),23.0,89.23,57.7,2.53,1.11,-0.12302325581395346,2.468488372093023,-0.3948837209302327,0.9125581395348837,6.723196940711503,12.589855072463763
30504924,Foxd2_5v5_59.dcm,2.4069767441860463,4.234166666666667,0.7848837209302325,4.189166666666667,712.8712871287129,4.234166666666667,0.9976400836675652,high,0.9976400836675652,high,20.306809823848607,1.0627238414299311,94.76666275673762,67.3913043478261,C57BL/6N,f,control,wt (Foxd2),23.0,89.23,57.7,2.53,1.11,-0.12302325581395346,2.468488372093023,-0.3251162790697676,0.9474418604651162,5.536662756737613,9.69130434782609
30504924,Foxd2_5v5_59.dcm,2.232558139534884,4.318333333333333,0.75,4.274166666666667,685.7142857142858,4.318333333333333,0.9999238811475822,high,0.9976400836675652,high,16.814559481843006,0.9375,94.42447480701264,66.40625000000001,C57BL/6N,f,control,wt (Foxd2),23.0,89.23,57.7,2.53,1.11,-0.29744186046511567,2.3812790697674417,-0.3600000000000001,0.93,5.194474807012639,8.706250000000011
30504924,Foxd2_5v5_59.dcm,2.319767441860465,4.405833333333334,0.6453488372093024,4.355833333333334,672.8971962616823,4.405833333333334,0.9999238811475822,high,0.9999238811475822,high,18.514448767176837,0.6177952836027276,96.66317214532478,72.18045112781954,C57BL/6N,f,control,wt (Foxd2),23.0,89.23,57.7,2.53,1.11,-0.210232558139535,2.4248837209302323,-0.46465116279069774,0.8776744186046512,7.433172145324775,14.480451127819535
30504924,Foxd2_5v5_59.dcm,2.4418604651162794,4.495,0.7674418604651163,4.444166666666667,685.7142857142858,4.495,0.9999238811475822,high,0.9999238811475822,high,21.049815851858558,0.9989088041398734,95.25454849025829,68.57142857142857,C57BL/6N,f,control,wt (Foxd2),23.0,89.23,57.7,2.53,1.11,-0.0881395348837204,2.4859302325581396,-0.3425581395348838,0.9387209302325582,6.024548490258283,10.871428571428567
30504924,Foxd2_5v5_59.dcm,2.6511627906976742,4.5825000000000005,0.8720930232558141,4.5275,734.6938775510205,4.5825000000000005,0.9999874046137568,high,0.9999874046137568,high,25.823545054964757,1.4189295544990037,94.50528751386052,67.10526315789473,C57BL/6N,f,control,wt (Foxd2),23.0,89.23,57.7,2.53,1.11,0.12116279069767444,2.590581395348837,-0.23790697674418604,0.991046511627907,5.275287513860519,9.405263157894723
30504924,Foxd2_5v5_59.dcm,2.4244186046511627,4.664166666666667,0.8372093023255813,4.615,692.3076923076923,4.664166666666667,0.9999874046137568,high,0.9999874046137568,high,20.676445481464448,1.268905839130191,93.86303685385522,65.46762589928058,C57BL/6N,f,control,wt (Foxd2),23.0,89.23,57.7,2.53,1.11,-0.10558139534883715,2.4772093023255812,-0.27279069767441877,0.9736046511627907,4.6330368538552165,7.767625899280574
30504924,Foxd2_5v5_59.dcm,2.6686046511627906,4.7508333333333335,0.8372093023255813,4.703333333333334,719.9999999999999,4.7508333333333335,0.99999706828582,high,0.9999874046137568,high,26.24595247724165,1.268905839130191,95.16532752914766,68.62745098039215,C57BL/6N,f,control,wt (Foxd2),23.0,89.23,57.7,2.53,1.11,0.13860465116279075,2.5993023255813954,-0.27279069767441877,0.9736046511627907,5.935327529147656,10.927450980392152
30504935,Foxd2_5v5_26.dcm,2.0406976744186047,0.3708333333333333,0.1220930232558139,0.2966666666666667,537.3134328358209,0.3708333333333333,0.5815021682104452,high,0.5815021682104452,high,13.39623759493784,0.0050513735135511,99.96229259538173,94.017094017094,C57BL/6N,f,control,wt (Foxd2),26.2,90.93,60.87,3.07,1.25,-1.0293023255813951,2.5553488372093023,-1.127906976744186,0.686046511627907,9.032292595381719,33.147094017094
30504935,Foxd2_5v5_26.dcm,2.703488372093023,3.061666666666667,2.25,2.8208333333333333,476.82119205298005,3.061666666666667,0.9965249250368038,high,0.5544039270552905,high,27.10219266977365,17.14717741935484,36.7314016681808,16.774193548387096,C57BL/6N,f,control,wt (Foxd2),26.2,90.93,60.87,3.07,1.25,-0.36651162790697667,2.8867441860465117,1.0,1.75,-54.198598331819205,-44.0958064516129
30504935,Foxd2_5v5_26.dcm,3.209302325581396,3.1875,1.3953488372093024,2.895,537.3134328358209,3.1875,0.9965249250368038,high,0.5544039270552905,high,41.24972756552556,5.010657589157892,87.85287107363699,56.52173913043479,C57BL/6N,f,control,wt (Foxd2),26.2,90.93,60.87,3.07,1.25,0.13930232558139632,3.139651162790698,0.14534883720930236,1.322674418604651,-3.0771289263630166,-4.348260869565209
30504935,Foxd2_5v5_26.dcm,3.244186046511628,3.299166666666667,1.4302325581395348,2.9850000000000003,461.5384615384616,3.299166666666667,0.9970202362284788,high,0.5544039270552905,high,42.34615427040708,5.346786920710352,87.37361866069887,55.91397849462366,C57BL/6N,f,control,wt (Foxd2),26.2,90.93,60.87,3.07,1.25,0.17418604651162806,3.157093023255814,0.18023255813953476,1.3401162790697674,-3.55638133930114,-4.956021505376334
30504935,Foxd2_5v5_26.dcm,2.4418604651162794,3.4291666666666667,1.1860465116279069,3.103333333333333,590.1639344262295,3.4291666666666667,0.9970202362284788,high,0.9965249250368038,high,21.049815851858558,3.2567714591755346,84.52826627037697,51.42857142857144,C57BL/6N,f,control,wt (Foxd2),26.2,90.93,60.87,3.07,1.25,-0.6281395348837204,2.7559302325581396,-0.06395348837209314,1.2180232558139534,-6.401733729623032,-9.44142857142856
30504935,Foxd2_5v5_26.dcm,3.0,3.5308333333333337,1.2383720930232558,3.230833333333333,541.3533834586466,3.5308333333333337,0.9998904257730644,high,0.9970202362284788,high,35.0,3.653796855546803,89.56058041272341,58.72093023255815,C57BL/6N,f,control,wt (Foxd2),26.2,90.93,60.87,3.07,1.25,-0.06999999999999984,3.035,-0.011627906976744207,1.244186046511628,-1.369419587276596,-2.149069767441844
30504935,Foxd2_5v5_26.dcm,2.8953488372093017,3.641666666666667,1.2383720930232558,3.345,517.9856115107913,3.641666666666667,0.9998904257730644,high,0.9970202362284788,high,32.08530356116006,3.653796855546803,88.61224158723621,57.22891566265059,C57BL/6N,f,control,wt (Foxd2),26.2,90.93,60.87,3.07,1.25,-0.17465116279069814,2.9826744186046508,-0.011627906976744207,1.244186046511628,-2.3177584127637942,-3.6410843373494046
30504935,Foxd2_5v5_26.dcm,2.3720930232558137,3.7575,0.9593023255813954,3.459166666666667,808.9887640449437,3.7575,0.998934564185078,high,0.9998904257730644,high,19.57871964931257,1.8395662848824577,90.60425646910448,59.55882352941176,C57BL/6N,f,control,wt (Foxd2),26.2,90.93,60.87,3.07,1.25,-0.6979069767441861,2.7210465116279066,-0.2906976744186046,1.1046511627906976,-0.3257435308955223,-1.3111764705882365
30504935,Foxd2_5v5_26.dcm,3.1046511627906974,3.831666666666667,1.1511627906976745,3.5783333333333336,489.79591836734687,3.831666666666667,0.998934564185078,high,0.9998904257730644,high,38.05455677408608,3.0070294992992554,92.09810925626928,62.92134831460674,C57BL/6N,f,control,wt (Foxd2),26.2,90.93,60.87,3.07,1.25,0.034651162790697576,3.0873255813953486,-0.09883720930232553,1.2005813953488373,1.1681092562692754,2.0513483146067415
30504935,Foxd2_5v5_26.dcm,3.0,3.954166666666667,0.627906976744186,3.6858333333333335,507.0422535211267,3.954166666666667,0.9998673454850516,high,0.998934564185078,high,35.0,0.5723233133864862,98.36479053318148,79.06976744186046,C57BL/6N,f,control,wt (Foxd2),26.2,90.93,60.87,3.07,1.25,-0.06999999999999984,3.035,-0.622093023255814,0.938953488372093,7.43479053318147,18.199767441860466
30504935,Foxd2_5v5_26.dcm,2.703488372093023,4.072500000000002,2.005813953488372,3.798333333333334,549.6183206106871,4.072500000000002,0.9998673454850516,high,0.998934564185078,high,27.10219266977365,12.821647430273025,52.691475606795954,25.806451612903224,C57BL/6N,f,control,wt (Foxd2),26.2,90.93,60.87,3.07,1.25,-0.36651162790697667,2.8867441860465117,0.7558139534883721,1.627906976744186,-38.23852439320405,-35.06354838709677
30504935,Foxd2_5v5_26.dcm,3.0,4.181666666666667,1.2383720930232558,3.871666666666667,605.0420168067227,4.181666666666667,0.9999920069619276,high,0.9998673454850516,high,35.0,3.653796855546803,89.56058041272341,58.72093023255815,C57BL/6N,f,control,wt (Foxd2),26.2,90.93,60.87,3.07,1.25,-0.06999999999999984,3.035,-0.011627906976744207,1.244186046511628,-1.369419587276596,-2.149069767441844
30504935,Foxd2_5v5_26.dcm,2.5290697674418605,4.280833333333334,0.4883720930232558,3.9958333333333336,510.6382978723404,4.280833333333334,0.9999920069619276,high,0.9998673454850516,high,22.972883216267704,0.2822912502645378,98.77119799196716,80.6896551724138,C57BL/6N,f,control,wt (Foxd2),26.2,90.93,60.87,3.07,1.25,-0.5409302325581393,2.79953488372093,-0.7616279069767442,0.8691860465116279,7.8411979919671495,19.819655172413796
30504935,Foxd2_5v5_26.dcm,2.808139534883721,4.398333333333333,0.8372093023255813,4.115,590.1639344262295,4.398333333333333,0.9999924449316692,high,0.9999920069619276,high,29.76264199127205,1.268905839130191,95.7365819892525,70.1863354037267,C57BL/6N,f,control,wt (Foxd2),26.2,90.93,60.87,3.07,1.25,-0.2618604651162788,2.93906976744186,-0.41279069767441867,1.0436046511627906,4.806581989252493,9.316335403726704
30504935,Foxd2_5v5_26.dcm,3.1569767441860463,4.5,0.7848837209302325,4.2250000000000005,473.68421052631567,4.5,0.9999924449316692,high,0.9999920069619276,high,39.63452053026066,1.0627238414299311,97.31869131451067,75.13812154696133,C57BL/6N,f,control,wt (Foxd2),26.2,90.93,60.87,3.07,1.25,0.0869767441860465,3.1134883720930233,-0.4651162790697675,1.0174418604651163,6.388691314510666,14.268121546961332
30504935,Foxd2_5v5_26.dcm,2.738372093023256,4.626666666666667,0.3662790697674417,4.322500000000002,562.5,4.626666666666667,0.99999883328158,high,0.9999924449316692,high,27.97369725089469,0.1243478718260166,99.55548288554512,86.62420382165607,C57BL/6N,f,control,wt (Foxd2),26.2,90.93,60.87,3.07,1.25,-0.33162790697674405,2.9041860465116276,-0.8837209302325584,0.8081395348837208,8.625482885545111,25.75420382165607
30504935,Foxd2_5v5_26.dcm,3.3837209302325584,4.733333333333333,1.0465116279069768,4.4366666666666665,562.5,4.733333333333333,0.9999993409016202,high,0.9999924449316692,high,46.88936199986822,2.32782574233145,95.03549282172364,69.0721649484536,C57BL/6N,f,control,wt (Foxd2),26.2,90.93,60.87,3.07,1.25,0.31372093023255854,3.226860465116279,-0.20348837209302317,1.1482558139534884,4.1054928217236295,8.202164948453607
30504924,Foxd2_5v5_58.dcm,2.7732558139534884,0.0466666666666666,1.1686046511627908,0.015,699.0291262135921,0.0466666666666666,0.6790913978317535,high,0.6790913978317535,high,28.8605020637716,3.1304187370838488,89.15327692440445,57.86163522012578,C57BL/6N,f,control,wt (Foxd2),23.0,89.23,57.7,2.53,1.11,0.2432558139534886,2.651627906976744,0.05860465116279068,1.1393023255813954,-0.07672307559555236,0.16163522012577403
30504924,Foxd2_5v5_58.dcm,2.9127906976744184,0.1325,1.5523255813953487,0.0966666666666666,679.2452830188679,0.1325,0.6790913978317535,high,0.6790913978317535,high,32.56140754776143,6.62512032099601,79.65345843456487,46.706586826347305,C57BL/6N,f,control,wt (Foxd2),23.0,89.23,57.7,2.53,1.11,0.38279069767441865,2.721395348837209,0.4423255813953486,1.3311627906976744,-9.576541565435136,-10.993413173652698
30504924,Foxd2_5v5_58.dcm,2.581395348837209,0.2208333333333333,1.255813953488372,0.1791666666666666,705.8823529411765,0.2208333333333333,0.998600521082894,high,0.6790913978317535,high,24.171889415582346,3.792188061217328,84.31157781661575,51.35135135135135,C57BL/6N,f,control,wt (Foxd2),23.0,89.23,57.7,2.53,1.11,0.0513953488372092,2.5556976744186044,0.145813953488372,1.182906976744186,-4.918422183384251,-6.3486486486486555
30504924,Foxd2_5v5_58.dcm,2.982558139534884,0.3058333333333333,0.8720930232558141,0.2533333333333333,719.9999999999999,0.3058333333333333,0.998600521082894,high,0.998600521082894,high,34.50452594841163,1.4189295544990037,95.88770019150394,70.76023391812866,C57BL/6N,f,control,wt (Foxd2),23.0,89.23,57.7,2.53,1.11,0.45255813953488433,2.7562790697674417,-0.23790697674418604,0.991046511627907,6.657700191503935,13.06023391812866
30504924,Foxd2_5v5_58.dcm,2.8255813953488373,0.3891666666666667,1.3604651162790695,0.345,699.0291262135921,0.3891666666666667,0.998600521082894,high,0.998600521082894,high,30.21947326920841,4.6872563618101735,84.48928503798189,51.85185185185186,C57BL/6N,f,control,wt (Foxd2),23.0,89.23,57.7,2.53,1.11,0.29558139534883754,2.6777906976744186,0.2504651162790694,1.235232558139535,-4.740714962018117,-5.848148148148141
30504924,Foxd2_5v5_58.dcm,2.319767441860465,0.475,0.7151162790697674,0.4316666666666667,679.2452830188679,0.475,0.9981710222873628,high,0.9981710222873628,high,18.514448767176837,0.8217766011954041,95.56143090442812,69.17293233082707,C57BL/6N,f,control,wt (Foxd2),23.0,89.23,57.7,2.53,1.11,-0.210232558139535,2.4248837209302323,-0.3948837209302327,0.9125581395348837,6.331430904428117,11.472932330827064
30504924,Foxd2_5v5_58.dcm,2.1802325581395348,0.5633333333333334,0.6453488372093024,0.5158333333333334,692.3076923076923,0.5633333333333334,0.9981710222873628,high,0.9981710222873628,high,15.838679575876627,0.6177952836027276,96.09945209988544,70.39999999999999,C57BL/6N,f,control,wt (Foxd2),23.0,89.23,57.7,2.53,1.11,-0.34976744186046504,2.355116279069767,-0.46465116279069774,0.8776744186046512,6.869452099885436,12.699999999999989
30504924,Foxd2_5v5_58.dcm,2.5988372093023258,0.65,0.75,0.6041666666666667,719.9999999999999,0.65,0.9999615897499828,high,0.9981710222873628,high,24.57911688274193,0.9375,96.1857864769004,71.14093959731544,C57BL/6N,f,control,wt (Foxd2),23.0,89.23,57.7,2.53,1.11,0.06883720930232595,2.564418604651163,-0.3600000000000001,0.93,6.9557864769004,13.440939597315435
30504924,Foxd2_5v5_58.dcm,2.232558139534884,0.7333333333333334,0.7674418604651163,0.6900000000000001,685.7142857142858,0.7333333333333334,0.9999615897499828,high,0.9999615897499828,high,16.814559481843006,0.9989088041398734,94.05926271682269,65.625,C57BL/6N,f,control,wt (Foxd2),23.0,89.23,57.7,2.53,1.11,-0.29744186046511567,2.3812790697674417,-0.3425581395348838,0.9387209302325582,4.829262716822683,7.924999999999997
30504924,Foxd2_5v5_58.dcm,2.4069767441860463,0.8208333333333334,0.7151162790697674,0.7716666666666667,672.8971962616823,0.8208333333333334,0.9999615897499828,high,0.9999615897499828,high,20.306809823848607,0.8217766011954041,95.9531969407115,70.28985507246377,C57BL/6N,f,control,wt (Foxd2),23.0,89.23,57.7,2.53,1.11,-0.12302325581395346,2.468488372093023,-0.3948837209302327,0.9125581395348837,6.723196940711503,12.589855072463763
30504924,Foxd2_5v5_58.dcm,2.4244186046511627,0.91,0.994186046511628,0.8583333333333334,734.6938775510205,0.91,0.999958571520154,high,0.9999615897499828,high,20.676445481464448,2.0265876265996403,90.19856856723082,58.992805755395686,C57BL/6N,f,control,wt (Foxd2),23.0,89.23,57.7,2.53,1.11,-0.10558139534883715,2.4772093023255812,-0.11581395348837209,1.052093023255814,0.9685685672308182,1.2928057553956833
30504924,Foxd2_5v5_58.dcm,2.563953488372093,0.9916666666666668,0.8720930232558141,0.9441666666666668,666.6666666666666,0.9916666666666668,0.999958571520154,high,0.999958571520154,high,23.768444686440457,1.4189295544990037,94.03019602999736,65.98639455782312,C57BL/6N,f,control,wt (Foxd2),23.0,89.23,57.7,2.53,1.11,0.03395348837209333,2.5469767441860465,-0.23790697674418604,0.991046511627907,4.800196029997352,8.286394557823115
30504924,Foxd2_5v5_58.dcm,2.4418604651162794,1.0816666666666668,0.9244186046511628,1.0308333333333335,712.8712871287129,1.0816666666666668,0.9999993569692068,high,0.999958571520154,high,21.049815851858558,1.6633680992022573,92.09794465230252,62.14285714285715,C57BL/6N,f,control,wt (Foxd2),23.0,89.23,57.7,2.53,1.11,-0.0881395348837204,2.4859302325581396,-0.18558139534883733,1.0172093023255815,2.867944652302512,4.44285714285715
30504924,Foxd2_5v5_58.dcm,2.7906976744186047,1.1658333333333335,0.8197674418604651,1.12,685.7142857142858,1.1658333333333335,0.9999993569692068,high,0.9999993569692068,high,29.30965299464401,1.1976930591746175,95.91365663935537,70.625,C57BL/6N,f,control,wt (Foxd2),23.0,89.23,57.7,2.53,1.11,0.2606976744186049,2.6603488372093023,-0.29023255813953497,0.9648837209302326,6.6836566393553625,12.924999999999997
30504924,Foxd2_5v5_58.dcm,2.6511627906976742,1.2533333333333334,0.8895348837209303,1.2075,705.8823529411765,1.2533333333333334,0.9999993569692068,high,0.9999993569692068,high,25.823545054964757,1.497795410605716,94.19988461143622,66.44736842105263,C57BL/6N,f,control,wt (Foxd2),23.0,89.23,57.7,2.53,1.11,0.12116279069767444,2.590581395348837,-0.22046511627906984,0.9997674418604652,4.969884611436214,8.747368421052627
30504924,Foxd2_5v5_58.dcm,2.1627906976744184,1.3383333333333334,0.8720930232558141,1.2975,642.8571428571427,1.3383333333333334,0.9999369867129032,high,0.9999369867129032,high,15.52068809820334,1.4189295544990037,90.85781799414384,59.67741935483871,C57BL/6N,f,control,wt (Foxd2),23.0,89.23,57.7,2.53,1.11,-0.36720930232558135,2.346395348837209,-0.23790697674418604,0.991046511627907,1.6278179941438395,1.977419354838709
30504924,Foxd2_5v5_58.dcm,2.4418604651162794,1.4316666666666669,0.6453488372093024,1.3808333333333334,672.8971962616823,1.4316666666666669,0.9999369867129032,high,0.9999369867129032,high,21.049815851858558,0.6177952836027276,97.0650798660161,73.57142857142858,C57BL/6N,f,control,wt (Foxd2),23.0,89.23,57.7,2.53,1.11,-0.0881395348837204,2.4859302325581396,-0.46465116279069774,0.8776744186046512,7.835079866016102,15.87142857142858
30504924,Foxd2_5v5_58.dcm,2.546511627906977,1.5208333333333337,0.9069767441860463,1.471666666666667,719.9999999999999,1.5208333333333337,0.9999749191666152,high,0.9999369867129032,high,23.368777656660367,1.579266247235933,93.24198179965214,64.38356164383563,C57BL/6N,f,control,wt (Foxd2),23.0,89.23,57.7,2.53,1.11,0.016511627906977022,2.538255813953488,-0.20302325581395375,1.0084883720930233,4.011981799652133,6.683561643835631
30504924,Foxd2_5v5_58.dcm,2.546511627906977,1.6041666666666667,0.7674418604651163,1.5591666666666668,679.2452830188679,1.6041666666666667,0.9999749191666152,high,0.9999749191666152,high,23.368777656660367,0.9989088041398734,95.7254554824558,69.86301369863014,C57BL/6N,f,control,wt (Foxd2),23.0,89.23,57.7,2.53,1.11,0.016511627906977022,2.538255813953488,-0.3425581395348838,0.9387209302325582,6.495455482455796,12.163013698630138
30504924,Foxd2_5v5_58.dcm,2.38953488372093,1.6925,0.75,1.6475000000000002,685.7142857142858,1.6925,0.9999749191666152,high,0.9999749191666152,high,19.94090315053864,0.9375,95.29860812761294,68.61313868613138,C57BL/6N,f,control,wt (Foxd2),23.0,89.23,57.7,2.53,1.11,-0.14046511627906977,2.459767441860465,-0.3600000000000001,0.93,6.068608127612933,10.913138686131376
30504924,Foxd2_5v5_58.dcm,2.319767441860465,1.78,0.9069767441860463,1.7358333333333331,637.1681415929203,1.78,0.9993809049879808,high,0.9993809049879808,high,18.514448767176837,1.579266247235933,91.47008767533109,60.90225563909775,C57BL/6N,f,control,wt (Foxd2),23.0,89.23,57.7,2.53,1.11,-0.210232558139535,2.4248837209302323,-0.20302325581395375,1.0084883720930233,2.2400876753310826,3.20225563909775
30504924,Foxd2_5v5_58.dcm,2.563953488372093,1.8741666666666668,0.8720930232558141,1.8233333333333333,642.8571428571427,1.8741666666666668,0.9993809049879808,high,0.9993809049879808,high,23.768444686440457,1.4189295544990037,94.03019602999736,65.98639455782312,C57BL/6N,f,control,wt (Foxd2),23.0,89.23,57.7,2.53,1.11,0.03395348837209333,2.5469767441860465,-0.23790697674418604,0.991046511627907,4.800196029997352,8.286394557823115
30504924,Foxd2_5v5_58.dcm,2.6686046511627906,1.9675,0.7848837209302325,1.9183333333333328,672.8971962616823,1.9675,0.9999379710323758,high,0.9993809049879808,high,26.24595247724165,1.0627238414299311,95.95090388755584,70.58823529411764,C57BL/6N,f,control,wt (Foxd2),23.0,89.23,57.7,2.53,1.11,0.13860465116279075,2.5993023255813954,-0.3251162790697676,0.9474418604651162,6.720903887555835,12.888235294117635
30504924,Foxd2_5v5_58.dcm,2.4069767441860463,2.056666666666666,0.5581395348837209,2.0058333333333334,679.2452830188679,2.056666666666666,0.9999379710323758,high,0.9999379710323758,high,20.306809823848607,0.4114411665663234,97.97387590598736,76.81159420289855,C57BL/6N,f,control,wt (Foxd2),23.0,89.23,57.7,2.53,1.11,-0.12302325581395346,2.468488372093023,-0.5518604651162792,0.8340697674418605,8.743875905987352,19.111594202898544
30504924,Foxd2_5v5_58.dcm,2.6860465116279064,2.145,0.9244186046511628,2.0975,672.8971962616823,2.145,0.9999379710323758,high,0.9999379710323758,high,26.67216680354412,1.6633680992022573,93.76365590597148,65.58441558441558,C57BL/6N,f,control,wt (Foxd2),23.0,89.23,57.7,2.53,1.11,0.15604651162790661,2.6080232558139533,-0.18558139534883733,1.0172093023255815,4.533655905971472,7.884415584415578
30504924,Foxd2_5v5_58.dcm,2.6337209302325584,2.234166666666667,0.8720930232558141,2.189166666666667,654.5454545454545,2.234166666666667,0.999881218380188,high,0.999881218380188,high,25.404939836558288,1.4189295544990037,94.41474940059832,66.88741721854305,C57BL/6N,f,control,wt (Foxd2),23.0,89.23,57.7,2.53,1.11,0.10372093023255857,2.581860465116279,-0.23790697674418604,0.991046511627907,5.184749400598321,9.187417218543047
30504924,Foxd2_5v5_58.dcm,2.4418604651162794,2.3258333333333336,0.7151162790697674,2.2750000000000004,672.8971962616823,2.3258333333333336,0.999881218380188,high,0.999881218380188,high,21.049815851858558,0.8217766011954041,96.09603900110676,70.71428571428572,C57BL/6N,f,control,wt (Foxd2),23.0,89.23,57.7,2.53,1.11,-0.0881395348837204,2.4859302325581396,-0.3948837209302327,0.9125581395348837,6.866039001106756,13.01428571428572
30504924,Foxd2_5v5_58.dcm,2.3720930232558137,2.415,0.8720930232558141,2.3633333333333333,672.8971962616823,2.415,0.996198673038425,high,0.999881218380188,high,19.57871964931257,1.4189295544990037,92.75269486506578,63.23529411764704,C57BL/6N,f,control,wt (Foxd2),23.0,89.23,57.7,2.53,1.11,-0.15790697674418608,2.451046511627907,-0.23790697674418604,0.991046511627907,3.5226948650657732,5.535294117647034
30504924,Foxd2_5v5_58.dcm,2.511627906976744,2.504166666666667,0.8023255813953488,2.455833333333333,666.6666666666666,2.504166666666667,0.996198673038425,high,0.996198673038425,high,22.580756182703183,1.1289753868015566,95.00027644040394,68.05555555555554,C57BL/6N,f,control,wt (Foxd2),23.0,89.23,57.7,2.53,1.11,-0.018372093023255598,2.5208139534883722,-0.3076744186046513,0.9561627906976744,5.770276440403933,10.35555555555554
30504924,Foxd2_5v5_58.dcm,2.3546511627906983,2.5941666666666667,0.6802325581395349,2.540833333333333,660.5504587155963,2.5941666666666667,0.9960859553353744,high,0.996198673038425,high,19.220253422662697,0.7152976158028551,96.2784173544796,71.11111111111113,C57BL/6N,f,control,wt (Foxd2),23.0,89.23,57.7,2.53,1.11,-0.1753488372093015,2.442325581395349,-0.4297674418604652,0.8951162790697675,7.0484173544795965,13.411111111111126
30504924,Foxd2_5v5_58.dcm,2.2674418604651163,2.685,0.8546511627906976,2.6300000000000003,705.8823529411765,2.685,0.9960859553353744,high,0.9960859553353744,high,17.483468824500942,1.3426420860150354,92.32050516123272,62.30769230769231,C57BL/6N,f,control,wt (Foxd2),23.0,89.23,57.7,2.53,1.11,-0.2625581395348835,2.398720930232558,-0.25534883720930246,0.9823255813953489,3.090505161232713,4.607692307692304
30504924,Foxd2_5v5_58.dcm,2.459302325581396,2.77,0.8023255813953488,2.7233333333333336,631.578947368421,2.77,0.9960859553353744,high,0.9960859553353744,high,21.42692658125676,1.1289753868015566,94.73104375226109,67.3758865248227,C57BL/6N,f,control,wt (Foxd2),23.0,89.23,57.7,2.53,1.11,-0.07069767441860364,2.494651162790698,-0.3076744186046513,0.9561627906976744,5.501043752261083,9.675886524822701
30504924,Foxd2_5v5_58.dcm,2.38953488372093,2.865,0.6627906976744186,2.810833333333333,727.2727272727273,2.865,0.9906370295787428,high,0.9906370295787428,high,19.94090315053864,0.6654415795769677,96.66293159064368,72.26277372262774,C57BL/6N,f,control,wt (Foxd2),23.0,89.23,57.7,2.53,1.11,-0.14046511627906977,2.459767441860465,-0.44720930232558154,0.8863953488372094,7.432931590643676,14.562773722627739
30504924,Foxd2_5v5_58.dcm,2.1802325581395348,2.9475,0.8720930232558141,2.898333333333333,660.5504587155963,2.9475,0.9906370295787428,high,0.9906370295787428,high,15.838679575876627,1.4189295544990037,91.0413646055437,59.99999999999999,C57BL/6N,f,control,wt (Foxd2),23.0,89.23,57.7,2.53,1.11,-0.34976744186046504,2.355116279069767,-0.23790697674418604,0.991046511627907,1.8113646055437016,2.29999999999999
30504924,Foxd2_5v5_58.dcm,2.3023255813953494,3.0383333333333336,0.8895348837209303,2.99,654.5454545454545,3.0383333333333336,0.998690539109268,high,0.9906370295787428,high,18.167098102591357,1.497795410605716,91.75545041840188,61.36363636363637,C57BL/6N,f,control,wt (Foxd2),23.0,89.23,57.7,2.53,1.11,-0.22767441860465043,2.4161627906976744,-0.22046511627906984,0.9997674418604652,2.5254504184018742,3.663636363636364
30504924,Foxd2_5v5_58.dcm,2.25,3.1300000000000003,0.7674418604651163,3.0783333333333336,605.0420168067227,3.1300000000000003,0.998690539109268,high,0.998690539109268,high,17.14717741935484,0.9989088041398734,94.17450009578629,65.89147286821705,C57BL/6N,f,control,wt (Foxd2),23.0,89.23,57.7,2.53,1.11,-0.2799999999999998,2.3899999999999997,-0.3425581395348838,0.9387209302325582,4.944500095786282,8.191472868217048
30504924,Foxd2_5v5_58.dcm,2.1802325581395348,3.229166666666667,0.8023255813953488,3.168333333333333,734.6938775510205,3.229166666666667,0.997180485742526,high,0.998690539109268,high,15.838679575876627,1.1289753868015566,92.8720359459695,63.19999999999999,C57BL/6N,f,control,wt (Foxd2),23.0,89.23,57.7,2.53,1.11,-0.34976744186046504,2.355116279069767,-0.3076744186046513,0.9561627906976744,3.6420359459694964,5.499999999999986
30504924,Foxd2_5v5_58.dcm,2.476744186046512,3.310833333333333,0.6976744186046512,3.2608333333333337,654.5454545454545,3.310833333333333,0.997180485742526,high,0.997180485742526,high,21.807783235109117,0.7673980091503078,96.48108200234287,71.83098591549296,C57BL/6N,f,control,wt (Foxd2),23.0,89.23,57.7,2.53,1.11,-0.053255813953487774,2.503372093023256,-0.4123255813953489,0.9038372093023257,7.251082002342869,14.130985915492957
30504924,Foxd2_5v5_58.dcm,2.703488372093023,3.4025000000000003,0.6802325581395349,3.3525,648.6486486486485,3.4025000000000003,0.997180485742526,high,0.997180485742526,high,27.10219266977365,0.7152976158028551,97.3607389464078,74.83870967741936,C57BL/6N,f,control,wt (Foxd2),23.0,89.23,57.7,2.53,1.11,0.17348837209302337,2.6167441860465113,-0.4297674418604652,0.8951162790697675,8.130738946407803,17.138709677419357
30504924,Foxd2_5v5_58.dcm,2.232558139534884,3.495,1.1162790697674418,3.439166666666667,705.8823529411765,3.495,0.99341972611986,high,0.997180485742526,high,16.814559481843006,2.769064359113034,83.53174603174604,50.000000000000014,C57BL/6N,f,control,wt (Foxd2),23.0,89.23,57.7,2.53,1.11,-0.29744186046511567,2.3812790697674417,0.006279069767441747,1.113139534883721,-5.698253968253965,-7.699999999999989
30504924,Foxd2_5v5_58.dcm,2.860465116279069,3.58,1.0988372093023255,3.529166666666667,654.5454545454545,3.58,0.99341972611986,high,0.99341972611986,high,31.1446792516709,2.654448936856278,91.47703877311928,61.58536585365852,C57BL/6N,f,control,wt (Foxd2),23.0,89.23,57.7,2.53,1.11,0.33046511627906927,2.6952325581395344,-0.011162790697674563,1.1044186046511628,2.2470387731192716,3.88536585365852
30504924,Foxd2_5v5_58.dcm,2.9302325581395348,3.671666666666667,1.0813953488372092,3.6208333333333336,610.1694915254237,3.671666666666667,0.9900268977918644,high,0.99341972611986,high,33.04137796290056,2.542717939936119,92.30444340792587,63.095238095238095,C57BL/6N,f,control,wt (Foxd2),23.0,89.23,57.7,2.53,1.11,0.40023255813953496,2.730116279069767,-0.028604651162790873,1.0956976744186047,3.0744434079258696,5.395238095238092
30504924,Foxd2_5v5_58.dcm,2.494186046511628,3.770000000000001,1.1162790697674418,3.71,742.2680412371134,3.770000000000001,0.9900268977918644,high,0.9900268977918644,high,22.192391299529287,2.769064359113034,87.52246064095054,55.24475524475525,C57BL/6N,f,control,wt (Foxd2),23.0,89.23,57.7,2.53,1.11,-0.03581395348837191,2.512093023255814,0.006279069767441747,1.113139534883721,-1.7075393590494627,-2.455244755244756
30504924,Foxd2_5v5_58.dcm,2.8255813953488373,3.8508333333333336,1.0988372093023255,3.8033333333333337,642.8571428571427,3.8508333333333336,0.9900268977918644,high,0.9900268977918644,high,30.21947326920841,2.654448936856278,91.21609793390746,61.11111111111112,C57BL/6N,f,control,wt (Foxd2),23.0,89.23,57.7,2.53,1.11,0.29558139534883754,2.6777906976744186,-0.011162790697674563,1.1044186046511628,1.986097933907459,3.4111111111111185
30504924,Foxd2_5v5_58.dcm,2.860465116279069,3.944166666666667,1.1686046511627908,3.895000000000001,679.2452830188679,3.944166666666667,0.9999019007710046,high,0.9999019007710046,high,31.1446792516709,3.1304187370838488,89.94878479310104,59.14634146341462,C57BL/6N,f,control,wt (Foxd2),23.0,89.23,57.7,2.53,1.11,0.33046511627906927,2.6952325581395344,0.05860465116279068,1.1393023255813954,0.7187847931010367,1.446341463414619
30504924,Foxd2_5v5_58.dcm,3.1744186046511627,4.0325000000000015,1.0290697674418603,3.985,626.0869565217391,4.0325000000000015,0.9999019007710046,high,0.9999019007710046,high,40.16900266084363,2.224621740216453,94.46184472390448,67.58241758241758,C57BL/6N,f,control,wt (Foxd2),23.0,89.23,57.7,2.53,1.11,0.6444186046511629,2.8522093023255812,-0.0809302325581398,1.0695348837209302,5.231844723904473,9.882417582417574
30504924,Foxd2_5v5_58.dcm,2.7209302325581395,4.128333333333334,1.4302325581395348,4.068333333333333,666.6666666666666,4.128333333333334,0.881952016389955,high,0.9999019007710046,high,27.536034648672302,5.346786920710352,80.58258210040364,47.43589743589744,C57BL/6N,f,control,wt (Foxd2),23.0,89.23,57.7,2.53,1.11,0.19093023255813968,2.6254651162790696,0.32023255813953466,1.2701162790697675,-8.647417899596363,-10.264102564102565
30504924,Foxd2_5v5_58.dcm,2.8430232558139537,4.218333333333334,0.994186046511628,4.170833333333333,631.578947368421,4.218333333333334,0.881952016389955,high,0.881952016389955,high,30.680150987910604,2.0265876265996403,93.3944665806951,65.03067484662577,C57BL/6N,f,control,wt (Foxd2),23.0,89.23,57.7,2.53,1.11,0.31302325581395385,2.6865116279069765,-0.11581395348837209,1.052093023255814,4.164466580695091,7.330674846625769
30504924,Foxd2_5v5_58.dcm,2.7732558139534884,4.3133333333333335,1.4476744186046508,4.260833333333333,679.2452830188679,4.3133333333333335,0.9997833298581408,high,0.881952016389955,high,28.8605020637716,5.51966124272903,80.8746873823175,47.7987421383648,C57BL/6N,f,control,wt (Foxd2),23.0,89.23,57.7,2.53,1.11,0.2432558139534886,2.651627906976744,0.33767441860465075,1.2788372093023255,-8.3553126176825,-9.901257861635202
30504924,Foxd2_5v5_58.dcm,2.8255813953488373,4.401666666666667,1.4825581395348837,4.345833333333333,605.0420168067227,4.401666666666667,0.9997833298581408,high,0.9997833298581408,high,30.21947326920841,5.875100130616243,80.5585620957776,47.53086419753087,C57BL/6N,f,control,wt (Foxd2),23.0,89.23,57.7,2.53,1.11,0.29558139534883754,2.6777906976744186,0.3725581395348836,1.2962790697674418,-8.671437904222401,-10.169135802469135
30504924,Foxd2_5v5_58.dcm,2.3023255813953494,4.5008333333333335,1.2034883720930232,4.447500000000002,699.0291262135921,4.5008333333333335,0.9997833298581408,high,0.9997833298581408,high,18.167098102591357,3.386106478371658,81.36132441598548,47.72727272727274,C57BL/6N,f,control,wt (Foxd2),23.0,89.23,57.7,2.53,1.11,-0.22767441860465043,2.4161627906976744,0.09348837209302308,1.1567441860465117,-7.868675584014525,-9.972727272727262
30504924,Foxd2_5v5_58.dcm,3.0,4.586666666666667,0.9244186046511628,4.536666666666667,685.7142857142858,4.586666666666667,0.9895967057167894,high,0.9895967057167894,high,35.0,1.6633680992022573,95.24751971656498,69.18604651162791,C57BL/6N,f,control,wt (Foxd2),23.0,89.23,57.7,2.53,1.11,0.4700000000000002,2.7649999999999997,-0.18558139534883733,1.0172093023255815,6.017519716564976,11.486046511627904
30504924,Foxd2_5v5_58.dcm,2.9302325581395348,4.674166666666667,1.2383720930232558,4.618333333333334,626.0869565217391,4.674166666666667,0.9895967057167894,high,0.9895967057167894,high,33.04137796290056,3.653796855546803,88.94175400417818,57.738095238095234,C57BL/6N,f,control,wt (Foxd2),23.0,89.23,57.7,2.53,1.11,0.40023255813953496,2.730116279069767,0.1283720930232557,1.174186046511628,-0.28824599582182486,0.038095238095230854
30504935,Foxd2_5v5_25.dcm,3.13953488372093,0.97,0.8372093023255813,0.8841666666666668,541.3533834586466,0.97,0.8162035469400971,high,0.8162035469400971,high,39.103954346620746,1.268905839130191,96.75504469987229,73.33333333333333,C57BL/6N,f,control,wt (Foxd2),26.2,90.93,60.87,3.07,1.25,0.0695348837209302,3.104767441860465,-0.41279069767441867,1.0436046511627906,5.825044699872279,12.463333333333331
30504935,Foxd2_5v5_25.dcm,3.331395348837209,1.080833333333333,1.4476744186046508,1.0225,493.1506849315068,1.080833333333333,0.9999250488548757,high,0.8162035469400971,high,45.15607630928135,5.51966124272903,87.77648171881904,56.54450261780105,C57BL/6N,f,control,wt (Foxd2),26.2,90.93,60.87,3.07,1.25,0.26139534883720916,3.2006976744186044,0.19767441860465085,1.3488372093023253,-3.1535182811809648,-4.325497382198947
30504935,Foxd2_5v5_25.dcm,2.7732558139534884,1.2025,1.3081395348837208,1.1291666666666669,545.4545454545455,1.2025,0.9999250488548757,high,0.9999250488548757,high,28.8605020637716,4.2257537508515695,85.35800333093951,52.830188679245296,C57BL/6N,f,control,wt (Foxd2),26.2,90.93,60.87,3.07,1.25,-0.2967441860465114,2.9216279069767443,0.05813953488372081,1.2790697674418605,-5.571996669060496,-8.039811320754701
30504935,Foxd2_5v5_25.dcm,2.982558139534884,1.3125,0.9593023255813954,1.2425000000000002,489.79591836734687,1.3125,0.9994311222972492,high,0.9999250488548757,high,34.50452594841163,1.8395662848824577,94.66862321878344,67.83625730994153,C57BL/6N,f,control,wt (Foxd2),26.2,90.93,60.87,3.07,1.25,-0.0874418604651157,3.026279069767442,-0.2906976744186046,1.1046511627906976,3.738623218783431,6.966257309941533
30504935,Foxd2_5v5_25.dcm,2.860465116279069,1.435,1.0988372093023255,1.36,637.1681415929203,1.435,0.9994311222972492,high,0.9994311222972492,high,31.1446792516709,2.654448936856278,91.47703877311928,61.58536585365852,C57BL/6N,f,control,wt (Foxd2),26.2,90.93,60.87,3.07,1.25,-0.20953488372093076,2.9652325581395345,-0.15116279069767447,1.1744186046511627,0.5470387731192687,0.7153658536585255
30504935,Foxd2_5v5_25.dcm,2.3546511627906983,1.5291666666666668,0.8895348837209303,1.465,699.0291262135921,1.5291666666666668,0.9958909875316154,high,0.9994311222972492,high,19.220253422662697,1.497795410605716,92.207202591618,62.22222222222224,C57BL/6N,f,control,wt (Foxd2),26.2,90.93,60.87,3.07,1.25,-0.7153488372093015,2.712325581395349,-0.36046511627906974,1.0697674418604652,1.2772025916179928,1.3522222222222453
30504935,Foxd2_5v5_25.dcm,3.13953488372093,1.6150000000000002,1.9534883720930232,1.5566666666666669,489.79591836734687,1.6150000000000002,0.9958909875316154,high,0.9958909875316154,high,39.103954346620746,11.98652078046345,69.3470366853083,37.77777777777778,C57BL/6N,f,control,wt (Foxd2),26.2,90.93,60.87,3.07,1.25,0.0695348837209302,3.104767441860465,0.7034883720930232,1.6017441860465116,-21.58296331469171,-23.09222222222222
30504935,Foxd2_5v5_25.dcm,2.947674418604651,1.7375,1.4651162790697674,1.6508333333333334,507.0422535211267,1.7375,0.999969398016801,high,0.9958909875316154,high,33.52521864836231,5.69576100262997,83.0105179555385,50.29585798816568,C57BL/6N,f,control,wt (Foxd2),26.2,90.93,60.87,3.07,1.25,-0.12232558139534877,3.0088372093023255,0.21511627906976738,1.3575581395348837,-7.919482044461503,-10.574142011834319
30504935,Foxd2_5v5_25.dcm,2.6686046511627906,1.8558333333333328,0.436046511627907,1.7775,558.1395348837209,1.8558333333333328,0.999969398016801,high,0.999969398016801,high,26.24595247724165,0.2046365193911539,99.2203120859546,83.66013071895425,C57BL/6N,f,control,wt (Foxd2),26.2,90.93,60.87,3.07,1.25,-0.4013953488372093,2.869302325581395,-0.813953488372093,0.8430232558139534,8.290312085954596,22.790130718954252
30504935,Foxd2_5v5_25.dcm,2.982558139534884,1.9633333333333327,0.8372093023255813,1.8966666666666667,600.0,1.9633333333333327,0.999938350320225,high,0.999969398016801,high,34.50452594841163,1.268905839130191,96.32249450107687,71.92982456140352,C57BL/6N,f,control,wt (Foxd2),26.2,90.93,60.87,3.07,1.25,-0.0874418604651157,3.026279069767442,-0.41279069767441867,1.0436046511627906,5.392494501076868,11.059824561403524
30504935,Foxd2_5v5_25.dcm,2.581395348837209,2.063333333333333,0.5058139534883721,2.0058333333333334,521.7391304347826,2.063333333333333,0.999938350320225,high,0.999938350320225,high,24.171889415582346,0.3117472651580913,98.71029004064069,80.4054054054054,C57BL/6N,f,control,wt (Foxd2),26.2,90.93,60.87,3.07,1.25,-0.48860465116279084,2.8256976744186044,-0.7441860465116279,0.877906976744186,7.780290040640679,19.535405405405406
30504935,Foxd2_5v5_25.dcm,2.8255813953488373,2.1783333333333337,0.5232558139534884,2.105833333333333,580.6451612903227,2.1783333333333337,0.9999986044122828,high,0.999938350320225,high,30.21947326920841,0.3430626243173438,98.86476305771052,81.48148148148148,C57BL/6N,f,control,wt (Foxd2),26.2,90.93,60.87,3.07,1.25,-0.2444186046511625,2.9477906976744186,-0.7267441860465116,0.8866279069767442,7.934763057710512,20.611481481481484
30504935,Foxd2_5v5_25.dcm,3.1569767441860463,2.2816666666666667,1.0465116279069768,2.22,473.68421052631567,2.2816666666666667,0.9999986044122828,high,0.9999986044122828,high,39.63452053026066,2.32782574233145,94.12677203814242,66.85082872928176,C57BL/6N,f,control,wt (Foxd2),26.2,90.93,60.87,3.07,1.25,0.0869767441860465,3.1134883720930233,-0.20348837209302317,1.1482558139534884,3.196772038142413,5.980828729281761
30504935,Foxd2_5v5_25.dcm,2.808139534883721,2.4083333333333337,0.9418604651162792,2.3241666666666667,566.9291338582677,2.4083333333333337,0.9999916650312494,high,0.9999986044122828,high,29.76264199127205,1.750126457793019,94.11972076166408,66.45962732919254,C57BL/6N,f,control,wt (Foxd2),26.2,90.93,60.87,3.07,1.25,-0.2618604651162788,2.93906976744186,-0.3081395348837208,1.0959302325581395,3.189720761664077,5.589627329192545
30504935,Foxd2_5v5_25.dcm,3.4011627906976742,2.5141666666666667,1.0465116279069768,2.4408333333333334,553.8461538461538,2.5141666666666667,0.9999916650312494,high,0.9999916650312494,high,47.47502967182208,2.32782574233145,95.09673662465748,69.23076923076923,C57BL/6N,f,control,wt (Foxd2),26.2,90.93,60.87,3.07,1.25,0.3311627906976744,3.235581395348837,-0.20348837209302317,1.1482558139534884,4.166736624657474,8.360769230769229
30504935,Foxd2_5v5_25.dcm,3.0348837209302326,2.6225,1.3430232558139534,2.556666666666666,529.4117647058823,2.6225,0.999990717715542,high,0.9999916650312494,high,36.00260714079915,4.530291146268328,87.41676921187612,55.74712643678161,C57BL/6N,f,control,wt (Foxd2),26.2,90.93,60.87,3.07,1.25,-0.03511627906976722,3.052441860465116,0.09302325581395343,1.2965116279069768,-3.5132307881238916,-5.122873563218384
30504935,Foxd2_5v5_25.dcm,2.982558139534884,2.7358333333333333,0.9767441860465116,2.664166666666667,529.4117647058823,2.7358333333333333,0.999990717715542,high,0.999990717715542,high,34.50452594841163,1.931712026603614,94.40156914634402,67.2514619883041,C57BL/6N,f,control,wt (Foxd2),26.2,90.93,60.87,3.07,1.25,-0.0874418604651157,3.026279069767442,-0.2732558139534884,1.1133720930232558,3.4715691463440095,6.381461988304103
30504935,Foxd2_5v5_25.dcm,3.5406976744186047,2.849166666666667,1.1860465116279069,2.7841666666666667,514.2857142857142,2.849166666666667,0.99909802330704,high,0.999990717715542,high,52.30306333159408,3.2567714591755346,93.7732682337781,66.5024630541872,C57BL/6N,f,control,wt (Foxd2),26.2,90.93,60.87,3.07,1.25,0.4706976744186049,3.3053488372093023,-0.06395348837209314,1.2180232558139534,2.8432682337780903,5.632463054187205
30504935,Foxd2_5v5_25.dcm,2.9651162790697674,2.9658333333333333,1.255813953488372,2.8925,510.6382978723404,2.9658333333333333,0.99909802330704,high,0.99909802330704,high,34.01293339597336,3.792188061217328,88.8507468113107,57.647058823529406,C57BL/6N,f,control,wt (Foxd2),26.2,90.93,60.87,3.07,1.25,-0.10488372093023246,3.0175581395348834,0.005813953488372103,1.252906976744186,-2.0792531886893073,-3.2229411764705915
30504935,Foxd2_5v5_25.dcm,3.453488372093023,3.083333333333333,0.9593023255813954,3.01,558.1395348837209,3.083333333333333,0.8760059334007001,high,0.8760059334007001,high,49.25578832999959,1.8395662848824577,96.26527897075184,72.22222222222221,C57BL/6N,f,control,wt (Foxd2),26.2,90.93,60.87,3.07,1.25,0.38348837209302333,3.2617441860465117,-0.2906976744186046,1.1046511627906976,5.33527897075183,11.352222222222217
30504935,Foxd2_5v5_25.dcm,3.2790697674418605,3.1908333333333334,1.3953488372093024,3.126666666666667,493.1506849315068,3.1908333333333334,0.8760059334007001,high,0.8760059334007001,high,43.45830736582494,5.010657589157892,88.47019616530622,57.44680851063829,C57BL/6N,f,control,wt (Foxd2),26.2,90.93,60.87,3.07,1.25,0.20906976744186068,3.17453488372093,0.14534883720930236,1.322674418604651,-2.459803834693787,-3.423191489361706
30504935,Foxd2_5v5_25.dcm,2.947674418604651,3.3125,0.9767441860465116,3.234166666666667,585.3658536585366,3.3125,0.9994708778829526,high,0.9994708778829526,high,33.52521864836231,1.931712026603614,94.23803302563108,66.86390532544378,C57BL/6N,f,control,wt (Foxd2),26.2,90.93,60.87,3.07,1.25,-0.12232558139534877,3.0088372093023255,-0.2732558139534884,1.1133720930232558,3.308033025631076,5.993905325443784
30504935,Foxd2_5v5_25.dcm,3.4709302325581395,3.415,1.1686046511627908,3.3483333333333336,517.9856115107913,3.415,0.9994708778829526,high,0.9994708778829526,high,49.85730200310617,3.1304187370838488,93.72124320548107,66.33165829145727,C57BL/6N,f,control,wt (Foxd2),26.2,90.93,60.87,3.07,1.25,0.40093023255813964,3.2704651162790697,-0.08139534883720922,1.2093023255813953,2.7912432054810665,5.461658291457276
30504935,Foxd2_5v5_25.dcm,3.209302325581396,3.5308333333333337,1.2034883720930232,3.47,483.22147651006713,3.5308333333333337,0.9998402196628372,high,0.9998402196628372,high,41.24972756552556,3.386106478371658,91.79120280735722,62.500000000000014,C57BL/6N,f,control,wt (Foxd2),26.2,90.93,60.87,3.07,1.25,0.13930232558139632,3.139651162790698,-0.04651162790697683,1.2267441860465116,0.8612028073572162,1.6300000000000168
30504935,Foxd2_5v5_25.dcm,2.19767441860465,4.011666666666667,1.0988372093023255,3.94,818.1818181818181,4.011666666666667,0.7983463095750113,high,0.7983463095750113,high,16.160317351543817,2.654448936856278,83.57427716849449,49.99999999999998,C57BL/6N,f,control,wt (Foxd2),26.2,90.93,60.87,3.07,1.25,-0.8723255813953497,2.633837209302325,-0.15116279069767447,1.1744186046511627,-7.355722831505517,-10.870000000000019
30504935,Foxd2_5v5_25.dcm,3.3139534883720936,4.085,1.4476744186046508,4.0225,672.8971962616823,4.085,0.994624326009835,high,0.7983463095750113,high,44.58621084161919,5.51966124272903,87.62025043496928,56.31578947368424,C57BL/6N,f,control,wt (Foxd2),26.2,90.93,60.87,3.07,1.25,0.24395348837209374,3.1919767441860465,0.19767441860465085,1.3488372093023253,-3.309749565030728,-4.554210526315757
30504935,Foxd2_5v5_25.dcm,2.755813953488372,4.174166666666667,1.8139534883720927,4.131666666666667,765.9574468085106,4.174166666666667,0.994624326009835,high,0.994624326009835,high,28.41518492605812,9.914863591918303,65.10716499745217,34.17721518987343,C57BL/6N,f,control,wt (Foxd2),26.2,90.93,60.87,3.07,1.25,-0.31418604651162774,2.912906976744186,0.5639534883720927,1.5319767441860463,-25.822835002547833,-26.692784810126568
30504935,Foxd2_5v5_25.dcm,3.0872093023255816,4.2525,2.319767441860465,4.211666666666667,455.6962025316455,4.2525,0.994624326009835,high,0.994624326009835,high,37.53571875847739,18.514448767176837,50.6751185815634,24.858757062146907,C57BL/6N,f,control,wt (Foxd2),26.2,90.93,60.87,3.07,1.25,0.01720930232558171,3.0786046511627907,1.0697674418604648,1.7848837209302324,-40.254881418436604,-36.01124293785309
30504935,Foxd2_5v5_25.dcm,3.3488372093023253,4.384166666666667,1.3255813953488371,4.300000000000002,642.8571428571427,4.384166666666667,0.9993508149610274,high,0.9993508149610274,high,45.72988810535214,4.376462223734663,90.42975523217504,60.41666666666667,C57BL/6N,f,control,wt (Foxd2),26.2,90.93,60.87,3.07,1.25,0.2788372093023255,3.2094186046511624,0.07558139534883712,1.2877906976744184,-0.5002447678249666,-0.45333333333332604
30504935,Foxd2_5v5_25.dcm,2.4418604651162794,4.4775,1.3255813953488371,4.4383333333333335,818.1818181818181,4.4775,0.9993508149610274,high,0.9993508149610274,high,21.049815851858558,4.376462223734663,79.20902370579051,45.71428571428572,C57BL/6N,f,control,wt (Foxd2),26.2,90.93,60.87,3.07,1.25,-0.6281395348837204,2.7559302325581396,0.07558139534883712,1.2877906976744184,-11.720976294209493,-15.155714285714275
30504935,Foxd2_5v5_25.dcm,3.1744186046511627,4.550833333333333,1.744186046511628,4.511666666666667,423.5294117647059,4.550833333333333,0.9977187916572956,high,0.9993508149610274,high,40.16900266084363,8.962666142222659,77.68760599336618,45.05494505494505,C57BL/6N,f,control,wt (Foxd2),26.2,90.93,60.87,3.07,1.25,0.10441860465116282,3.1222093023255812,0.4941860465116279,1.497093023255814,-13.24239400663383,-15.815054945054946
30504935,Foxd2_5v5_25.dcm,3.453488372093023,4.6925,1.2383720930232558,4.594166666666667,712.8712871287129,4.6925,0.9977187916572956,high,0.9977187916572956,high,49.25578832999959,3.653796855546803,92.58199497068767,64.14141414141415,C57BL/6N,f,control,wt (Foxd2),26.2,90.93,60.87,3.07,1.25,0.38348837209302333,3.2617441860465117,-0.011627906976744207,1.244186046511628,1.6519949706876673,3.271414141414148
30504935,Foxd2_5v5_25.dcm,2.459302325581396,4.776666666666667,2.0755813953488373,4.668333333333334,692.3076923076923,4.776666666666667,0.9997596537457664,high,0.9977187916572956,high,21.42692658125676,13.985174439681538,34.73084258423188,15.602836879432648,C57BL/6N,f,control,wt (Foxd2),26.2,90.93,60.87,3.07,1.25,-0.6106976744186037,2.764651162790698,0.8255813953488373,1.6627906976744187,-56.19915741576813,-45.267163120567346
30504924,Foxd2_5v5_60.dcm,2.3023255813953494,1.1425,0.5930232558139534,1.1708333333333334,782.6086956521739,1.1425,0.9518661301380472,high,0.9518661301380472,high,18.167098102591357,0.4877565646900422,97.3151652402842,74.24242424242425,C57BL/6N,f,control,wt (Foxd2),23.0,89.23,57.7,2.53,1.11,-0.22767441860465043,2.4161627906976744,-0.5169767441860467,0.8515116279069768,8.085165240284198,16.542424242424246
30504924,Foxd2_5v5_60.dcm,2.5290697674418605,1.2191666666666667,0.7674418604651163,1.2583333333333333,719.9999999999999,1.2191666666666667,0.9518661301380472,high,0.9518661301380472,high,22.972883216267704,0.9989088041398734,95.65179174622487,69.6551724137931,C57BL/6N,f,control,wt (Foxd2),23.0,89.23,57.7,2.53,1.11,-0.0009302325581392878,2.52953488372093,-0.3425581395348838,0.9387209302325582,6.421791746224869,11.955172413793093
30504924,Foxd2_5v5_60.dcm,2.9302325581395348,2.6083333333333334,1.2383720930232558,2.6558333333333337,660.5504587155963,2.6083333333333334,0.998627968192166,high,0.998627968192166,high,33.04137796290056,3.653796855546803,88.94175400417818,57.738095238095234,C57BL/6N,f,control,wt (Foxd2),23.0,89.23,57.7,2.53,1.11,0.40023255813953496,2.730116279069767,0.1283720930232557,1.174186046511628,-0.28824599582182486,0.038095238095230854
30504924,Foxd2_5v5_60.dcm,2.563953488372093,2.6991666666666667,0.9244186046511628,2.729166666666667,727.2727272727273,2.6991666666666667,0.998627968192166,high,0.998627968192166,high,23.768444686440457,1.6633680992022573,93.0017797918802,63.94557823129252,C57BL/6N,f,control,wt (Foxd2),23.0,89.23,57.7,2.53,1.11,0.03395348837209333,2.5469767441860465,-0.18558139534883733,1.0172093023255815,3.771779791880192,6.245578231292519
30504924,Foxd2_5v5_60.dcm,2.8255813953488373,2.7816666666666667,1.0813953488372092,2.8183333333333334,727.2727272727273,2.7816666666666667,0.998627968192166,high,0.9987088852466972,high,30.21947326920841,2.542717939936119,91.58582971554644,61.728395061728406,C57BL/6N,f,control,wt (Foxd2),23.0,89.23,57.7,2.53,1.11,0.29558139534883754,2.6777906976744186,-0.028604651162790873,1.0956976744186047,2.3558297155464345,4.0283950617284034
30504924,Foxd2_5v5_60.dcm,2.7209302325581395,2.8641666666666667,0.6976744186046512,2.904166666666667,692.3076923076923,2.8641666666666667,0.9987088852466972,high,0.9987088852466972,high,27.536034648672302,0.7673980091503078,97.21311358392228,74.35897435897436,C57BL/6N,f,control,wt (Foxd2),23.0,89.23,57.7,2.53,1.11,0.19093023255813968,2.6254651162790696,-0.4123255813953489,0.9038372093023257,7.983113583922275,16.658974358974362
30504924,Foxd2_5v5_60.dcm,2.319767441860465,2.9508333333333336,0.627906976744186,2.9891666666666667,679.2452830188679,2.9508333333333336,0.9987088852466972,high,0.9987088852466972,high,18.514448767176837,0.5723233133864862,96.90877475973724,72.93233082706767,C57BL/6N,f,control,wt (Foxd2),23.0,89.23,57.7,2.53,1.11,-0.210232558139535,2.4248837209302323,-0.48209302325581405,0.8689534883720931,7.678774759737237,15.23233082706767
30504924,Foxd2_5v5_60.dcm,2.38953488372093,3.039166666666667,0.8023255813953488,3.0775,685.7142857142858,3.039166666666667,0.9997698446643146,high,0.9997698446643146,high,19.94090315053864,1.1289753868015566,94.33839391185718,66.42335766423358,C57BL/6N,f,control,wt (Foxd2),23.0,89.23,57.7,2.53,1.11,-0.14046511627906977,2.459767441860465,-0.3076744186046513,0.9561627906976744,5.108393911857178,8.723357664233575
30504924,Foxd2_5v5_60.dcm,2.494186046511628,3.126666666666667,0.8023255813953488,3.165833333333333,734.6938775510205,3.126666666666667,0.9997698446643146,high,0.9997698446643146,high,22.192391299529287,1.1289753868015566,94.91278172070848,67.83216783216784,C57BL/6N,f,control,wt (Foxd2),23.0,89.23,57.7,2.53,1.11,-0.03581395348837191,2.512093023255814,-0.3076744186046513,0.9561627906976744,5.682781720708476,10.132167832167838
30504924,Foxd2_5v5_60.dcm,2.2674418604651163,3.208333333333333,0.6802325581395349,3.246666666666667,685.7142857142858,3.208333333333333,0.9997698446643146,high,0.9999198836009756,high,17.483468824500942,0.7152976158028551,95.90872027180068,70.0,C57BL/6N,f,control,wt (Foxd2),23.0,89.23,57.7,2.53,1.11,-0.2625581395348835,2.398720930232558,-0.4297674418604652,0.8951162790697675,6.678720271800671,12.299999999999997
30504924,Foxd2_5v5_60.dcm,2.2848837209302326,3.2958333333333334,0.9767441860465116,3.3325,660.5504587155963,3.2958333333333334,0.9999198836009756,high,0.9999198836009756,high,17.82344023776512,1.931712026603614,89.16195750744788,57.25190839694657,C57BL/6N,f,control,wt (Foxd2),23.0,89.23,57.7,2.53,1.11,-0.24511627906976718,2.4074418604651164,-0.1332558139534885,1.043372093023256,-0.06804249255212369,-0.44809160305343454
30504924,Foxd2_5v5_60.dcm,2.38953488372093,3.3866666666666667,0.8546511627906976,3.416666666666667,750.0,3.3866666666666667,0.9999198836009756,high,0.9999198836009756,high,19.94090315053864,1.3426420860150354,93.26689430323636,64.23357664233576,C57BL/6N,f,control,wt (Foxd2),23.0,89.23,57.7,2.53,1.11,-0.14046511627906977,2.459767441860465,-0.25534883720930246,0.9823255813953489,4.036894303236352,6.53357664233576
30504924,Foxd2_5v5_60.dcm,2.5988372093023258,3.466666666666667,0.8895348837209303,3.506666666666667,660.5504587155963,3.466666666666667,0.999990205456072,high,0.999990205456072,high,24.57911688274193,1.497795410605716,93.90622772269992,65.77181208053692,C57BL/6N,f,control,wt (Foxd2),23.0,89.23,57.7,2.53,1.11,0.06883720930232595,2.564418604651163,-0.22046511627906984,0.9997674418604652,4.67622772269992,8.071812080536915
30504924,Foxd2_5v5_60.dcm,2.4418604651162794,3.5575,0.7848837209302325,3.595,719.9999999999999,3.5575,0.999990205456072,high,0.999990205456072,high,21.049815851858558,1.0627238414299311,94.9513865161148,67.85714285714286,C57BL/6N,f,control,wt (Foxd2),23.0,89.23,57.7,2.53,1.11,-0.0881395348837204,2.4859302325581396,-0.3251162790697676,0.9474418604651162,5.721386516114791,10.157142857142858
30504924,Foxd2_5v5_60.dcm,2.6860465116279064,3.6408333333333336,0.9418604651162792,3.684166666666667,712.8712871287129,3.6408333333333336,0.999990205456072,high,0.999953341615352,high,26.67216680354412,1.750126457793019,93.4383791512564,64.93506493506493,C57BL/6N,f,control,wt (Foxd2),23.0,89.23,57.7,2.53,1.11,0.15604651162790661,2.6080232558139533,-0.1681395348837209,1.0259302325581396,4.208379151256395,7.235064935064926
30504924,Foxd2_5v5_60.dcm,2.7906976744186047,3.725,0.8895348837209303,3.770000000000001,605.0420168067227,3.725,0.999953341615352,high,0.999953341615352,high,29.30965299464401,1.497795410605716,94.889753860684,68.125,C57BL/6N,f,control,wt (Foxd2),23.0,89.23,57.7,2.53,1.11,0.2606976744186049,2.6603488372093023,-0.22046511627906984,0.9997674418604652,5.659753860683992,10.424999999999997
30504924,Foxd2_5v5_60.dcm,2.232558139534884,3.8241666666666654,0.7674418604651163,3.856666666666667,750.0,3.8241666666666654,0.999953341615352,high,0.999953341615352,high,16.814559481843006,0.9989088041398734,94.05926271682269,65.625,C57BL/6N,f,control,wt (Foxd2),23.0,89.23,57.7,2.53,1.11,-0.29744186046511567,2.3812790697674417,-0.3425581395348838,0.9387209302325582,4.829262716822683,7.924999999999997
30504924,Foxd2_5v5_60.dcm,2.6511627906976742,3.904166666666667,0.8895348837209303,3.943333333333334,699.0291262135921,3.904166666666667,0.9999886414626594,high,0.9999886414626594,high,25.823545054964757,1.497795410605716,94.19988461143622,66.44736842105263,C57BL/6N,f,control,wt (Foxd2),23.0,89.23,57.7,2.53,1.11,0.12116279069767444,2.590581395348837,-0.22046511627906984,0.9997674418604652,4.969884611436214,8.747368421052627
30504924,Foxd2_5v5_60.dcm,2.4418604651162794,3.99,0.8023255813953488,4.034166666666667,654.5454545454545,3.99,0.9999886414626594,high,0.9999886414626594,high,21.049815851858558,1.1289753868015566,94.63664958046712,67.14285714285715,C57BL/6N,f,control,wt (Foxd2),23.0,89.23,57.7,2.53,1.11,-0.0881395348837204,2.4859302325581396,-0.3076744186046513,0.9561627906976744,5.406649580467118,9.44285714285715
30504924,Foxd2_5v5_60.dcm,2.6337209302325584,4.081666666666667,0.7674418604651163,4.1225000000000005,719.9999999999999,4.081666666666667,0.9999886414626594,high,0.9994503680626964,high,25.404939836558288,0.9989088041398734,96.06805286465422,70.86092715231788,C57BL/6N,f,control,wt (Foxd2),23.0,89.23,57.7,2.53,1.11,0.10372093023255857,2.581860465116279,-0.3425581395348838,0.9387209302325582,6.838052864654216,13.160927152317882
30504924,Foxd2_5v5_60.dcm,2.2848837209302326,4.165,0.8372093023255813,4.21,692.3076923076923,4.165,0.9994503680626964,high,0.9994503680626964,high,17.82344023776512,1.268905839130191,92.88069069605557,63.3587786259542,C57BL/6N,f,control,wt (Foxd2),23.0,89.23,57.7,2.53,1.11,-0.24511627906976718,2.4074418604651164,-0.27279069767441877,0.9736046511627907,3.6506906960555625,5.658778625954199
30504924,Foxd2_5v5_60.dcm,2.319767441860465,4.251666666666667,0.8895348837209303,4.295833333333333,605.0420168067227,4.251666666666667,0.9994503680626964,high,0.9994503680626964,high,18.514448767176837,1.497795410605716,91.9101268990462,61.65413533834586,C57BL/6N,f,control,wt (Foxd2),23.0,89.23,57.7,2.53,1.11,-0.210232558139535,2.4248837209302323,-0.22046511627906984,0.9997674418604652,2.6801268990462006,3.954135338345857
30504924,Foxd2_5v5_60.dcm,2.563953488372093,4.350833333333334,0.75,4.394166666666667,666.6666666666666,4.350833333333334,0.998650017589964,high,0.998650017589964,high,23.768444686440457,0.9375,96.05569479884886,70.74829931972789,C57BL/6N,f,control,wt (Foxd2),23.0,89.23,57.7,2.53,1.11,0.03395348837209333,2.5469767441860465,-0.3600000000000001,0.93,6.825694798848858,13.048299319727889
30504924,Foxd2_5v5_60.dcm,2.511627906976744,4.440833333333334,0.7151162790697674,4.4816666666666665,642.8571428571427,4.440833333333334,0.998650017589964,high,0.998650017589964,high,22.580756182703183,0.8217766011954041,96.36072151638182,71.52777777777779,C57BL/6N,f,control,wt (Foxd2),23.0,89.23,57.7,2.53,1.11,-0.018372093023255598,2.5208139534883722,-0.3948837209302327,0.9125581395348837,7.130721516381811,13.827777777777783
30504924,Foxd2_5v5_60.dcm,2.4244186046511627,4.534166666666667,0.7674418604651163,4.571666666666667,672.8971962616823,4.534166666666667,0.9999867136400392,high,0.9999867136400392,high,20.676445481464448,0.9989088041398734,95.1688562473886,68.34532374100719,C57BL/6N,f,control,wt (Foxd2),23.0,89.23,57.7,2.53,1.11,-0.10558139534883715,2.4772093023255812,-0.3425581395348838,0.9387209302325582,5.9388562473886,10.64532374100719
30504924,Foxd2_5v5_60.dcm,2.755813953488372,4.623333333333334,0.8197674418604651,4.664166666666667,685.7142857142858,4.623333333333334,0.9999867136400392,high,0.9999867136400392,high,28.41518492605812,1.1976930591746175,95.78502458354131,70.25316455696202,C57BL/6N,f,control,wt (Foxd2),23.0,89.23,57.7,2.53,1.11,0.2258139534883723,2.642906976744186,-0.29023255813953497,0.9648837209302326,6.555024583541311,12.553164556962017
30504924,Foxd2_5v5_60.dcm,2.6686046511627906,4.710833333333333,0.627906976744186,4.751666666666667,666.6666666666666,4.710833333333333,0.9999867136400392,high,0.9991764073143268,high,26.24595247724165,0.5723233133864862,97.81938447887248,76.47058823529412,C57BL/6N,f,control,wt (Foxd2),23.0,89.23,57.7,2.53,1.11,0.13860465116279075,2.5993023255813954,-0.48209302325581405,0.8689534883720931,8.589384478872475,18.770588235294113
30504935,Foxd2_5v5_28.dcm,2.6511627906976742,0.0133333333333333,1.063953488372093,0.0483333333333333,571.4285714285712,0.0133333333333333,0.9954065712212042,high,0.9954065712212042,high,25.823545054964757,2.4338506034943355,90.57507170950409,59.86842105263158,C57BL/6N,f,control,wt (Foxd2),26.2,90.93,60.87,3.07,1.25,-0.4188372093023256,2.860581395348837,-0.18604651162790709,1.1569767441860463,-0.3549282904959199,-1.0015789473684151
30504935,Foxd2_5v5_28.dcm,3.0872093023255816,0.1183333333333333,1.0988372093023255,0.1658333333333333,545.4545454545455,0.1183333333333333,0.9954065712212042,high,0.9954065712212042,high,37.53571875847739,2.654448936856278,92.9282053876835,64.40677966101696,C57BL/6N,f,control,wt (Foxd2),26.2,90.93,60.87,3.07,1.25,0.01720930232558171,3.0786046511627907,-0.15116279069767447,1.1744186046511627,1.9982053876834982,3.5367796610169577
30504935,Foxd2_5v5_28.dcm,2.8953488372093017,0.2283333333333333,0.8546511627906976,0.2725,503.49650349650346,0.2283333333333333,0.9967158051642298,high,0.9967158051642298,high,32.08530356116006,1.3426420860150354,95.81539852519788,70.48192771084338,C57BL/6N,f,control,wt (Foxd2),26.2,90.93,60.87,3.07,1.25,-0.17465116279069814,2.9826744186046508,-0.39534883720930236,1.052325581395349,4.885398525197871,9.611927710843382
30504935,Foxd2_5v5_28.dcm,2.38953488372093,0.3475,2.1453488372093017,0.3625,837.2093023255812,0.3475,0.9967158051642298,high,0.9967158051642298,high,19.94090315053864,15.206335864483789,23.742993235123173,10.2189781021898,C57BL/6N,f,control,wt (Foxd2),26.2,90.93,60.87,3.07,1.25,-0.6804651162790698,2.729767441860465,0.8953488372093017,1.6976744186046508,-67.18700676487683,-50.651021897810196
30504935,Foxd2_5v5_28.dcm,3.0872093023255816,0.4191666666666667,1.2732558139534884,0.4608333333333334,496.5517241379312,0.4191666666666667,0.9967158051642298,high,0.9996197846270176,high,37.53571875847739,3.933633276014293,89.5202931870703,58.75706214689266,C57BL/6N,f,control,wt (Foxd2),26.2,90.93,60.87,3.07,1.25,0.01720930232558171,3.0786046511627907,0.023255813953488413,1.2616279069767442,-1.4097068129297128,-2.11293785310734
30504935,Foxd2_5v5_28.dcm,3.0,0.54,0.5755813953488372,0.5816666666666667,510.6382978723404,0.54,0.9996197846270176,high,0.9996197846270176,high,35.0,0.4485867570760026,98.71832355121144,80.81395348837209,C57BL/6N,f,control,wt (Foxd2),26.2,90.93,60.87,3.07,1.25,-0.06999999999999984,3.035,-0.6744186046511628,0.9127906976744187,7.788323551211434,19.943953488372095
30504935,Foxd2_5v5_28.dcm,2.755813953488372,0.6575000000000001,0.8895348837209303,0.7033333333333334,541.3533834586466,0.6575000000000001,0.9998926310561096,high,0.9998926310561096,high,28.41518492605812,1.497795410605716,94.72889085711294,67.72151898734177,C57BL/6N,f,control,wt (Foxd2),26.2,90.93,60.87,3.07,1.25,-0.31418604651162774,2.912906976744186,-0.36046511627906974,1.0697674418604652,3.798890857112937,6.85151898734177
30504935,Foxd2_5v5_28.dcm,3.052325581395349,0.7683333333333334,0.8197674418604651,0.8108333333333334,576.0,0.7683333333333334,0.9998926310561096,high,0.9998926310561096,high,36.50974738381176,1.1976930591746175,96.71952520902497,73.14285714285714,C57BL/6N,f,control,wt (Foxd2),26.2,90.93,60.87,3.07,1.25,-0.01767441860465091,3.0611627906976744,-0.43023255813953487,1.0348837209302326,5.7895252090249585,12.272857142857141
30504935,Foxd2_5v5_28.dcm,2.476744186046512,0.8725,0.5232558139534884,0.9108333333333334,541.3533834586466,0.8725,0.999893135798012,high,0.999893135798012,high,21.807783235109117,0.3430626243173438,98.42687988678723,78.87323943661973,C57BL/6N,f,control,wt (Foxd2),26.2,90.93,60.87,3.07,1.25,-0.5932558139534878,2.773372093023256,-0.7267441860465116,0.8866279069767442,7.496879886787227,18.00323943661973
30504935,Foxd2_5v5_28.dcm,2.8255813953488373,0.9833333333333334,1.0116279069767442,1.0233333333333334,585.3658536585366,0.9833333333333334,0.999893135798012,high,0.999893135798012,high,30.21947326920841,2.124216538868631,92.97070296379698,64.19753086419753,C57BL/6N,f,control,wt (Foxd2),26.2,90.93,60.87,3.07,1.25,-0.2444186046511625,2.9477906976744186,-0.2383720930232558,1.130813953488372,2.0407029637969742,3.3275308641975343
30504935,Foxd2_5v5_28.dcm,3.1918604651162785,1.0858333333333334,0.9418604651162792,1.1291666666666669,473.68421052631567,1.0858333333333334,0.9999886755305946,high,0.9999886755305946,high,40.70740394902472,1.750126457793019,95.70071709808715,70.49180327868851,C57BL/6N,f,control,wt (Foxd2),26.2,90.93,60.87,3.07,1.25,0.12186046511627868,3.130930232558139,-0.3081395348837208,1.0959302325581395,4.770717098087147,9.62180327868851
30504935,Foxd2_5v5_28.dcm,2.738372093023256,1.2125,1.0465116279069768,1.2458333333333331,562.5,1.2125,0.9999886755305946,high,0.9999886755305946,high,27.97369725089469,2.32782574233145,91.6785195698184,61.78343949044586,C57BL/6N,f,control,wt (Foxd2),26.2,90.93,60.87,3.07,1.25,-0.33162790697674405,2.9041860465116276,-0.20348837209302317,1.1482558139534884,0.7485195698183986,0.9134394904458603
30504935,Foxd2_5v5_28.dcm,3.3662790697674416,1.3191666666666668,1.2732558139534884,1.3616666666666668,590.1639344262295,1.3191666666666668,0.9999257836297036,high,0.9999257836297036,high,46.307649067676735,3.933633276014293,91.50543515982544,62.17616580310881,C57BL/6N,f,control,wt (Foxd2),26.2,90.93,60.87,3.07,1.25,0.2962790697674418,3.2181395348837207,0.023255813953488413,1.2616279069767442,0.5754351598254317,1.3061658031088115
30504935,Foxd2_5v5_28.dcm,3.0348837209302326,1.4208333333333334,0.9069767441860463,1.4683333333333335,489.79591836734687,1.4208333333333334,0.9999257836297036,high,0.9999257836297036,high,36.00260714079915,1.579266247235933,95.61346698848855,70.11494252873564,C57BL/6N,f,control,wt (Foxd2),26.2,90.93,60.87,3.07,1.25,-0.03511627906976722,3.052441860465116,-0.34302325581395365,1.0784883720930232,4.683466988488547,9.244942528735642
30504935,Foxd2_5v5_28.dcm,3.0348837209302326,1.5433333333333334,1.2383720930232558,1.5883333333333334,533.3333333333334,1.5433333333333334,0.9982209094137828,high,0.9982209094137828,high,36.00260714079915,3.653796855546803,89.85129926491847,59.195402298850574,C57BL/6N,f,control,wt (Foxd2),26.2,90.93,60.87,3.07,1.25,-0.03511627906976722,3.052441860465116,-0.011627906976744207,1.244186046511628,-1.07870073508154,-1.6745977011494233
30504935,Foxd2_5v5_28.dcm,3.488372093023256,1.6558333333333335,1.2209302325581397,1.6991666666666667,517.9856115107913,1.6558333333333335,0.9982209094137828,high,0.9982209094137828,high,50.46278377706408,3.518442244987919,93.0276493256262,64.99999999999999,C57BL/6N,f,control,wt (Foxd2),26.2,90.93,60.87,3.07,1.25,0.41837209302325595,3.2791860465116276,-0.029069767441860295,1.23546511627907,2.097649325626193,4.129999999999988
30504935,Foxd2_5v5_28.dcm,3.0,1.7716666666666667,0.9418604651162792,1.8158333333333327,521.7391304347826,1.7716666666666667,0.999833805746681,high,0.999833805746681,high,35.0,1.750126457793019,94.99963869201994,68.6046511627907,C57BL/6N,f,control,wt (Foxd2),26.2,90.93,60.87,3.07,1.25,-0.06999999999999984,3.035,-0.3081395348837208,1.0959302325581395,4.069638692019936,7.734651162790705
30504935,Foxd2_5v5_28.dcm,3.453488372093023,1.8866666666666667,1.3430232558139534,1.9358333333333333,580.6451612903227,1.8866666666666667,0.999833805746681,high,0.999933397381851,high,49.25578832999959,4.530291146268328,90.80252027250752,61.11111111111111,C57BL/6N,f,control,wt (Foxd2),26.2,90.93,60.87,3.07,1.25,0.38348837209302333,3.2617441860465117,0.09302325581395343,1.2965116279069768,-0.12747972749248504,0.24111111111110972
30504935,Foxd2_5v5_28.dcm,3.1046511627906974,1.99,0.9244186046511628,2.0375,464.516129032258,1.99,0.999933397381851,high,0.999933397381851,high,38.05455677408608,1.6633680992022573,95.62899100605225,70.2247191011236,C57BL/6N,f,control,wt (Foxd2),26.2,90.93,60.87,3.07,1.25,0.034651162790697576,3.0873255813953486,-0.32558139534883723,1.0872093023255813,4.698991006052239,9.3547191011236
30504935,Foxd2_5v5_28.dcm,2.8953488372093017,2.119166666666666,1.1337209302325582,2.1533333333333333,585.3658536585366,2.119166666666666,0.999933397381851,high,0.970220264112366,high,32.08530356116006,2.8865845615970214,91.00340579264056,60.843373493975896,C57BL/6N,f,control,wt (Foxd2),26.2,90.93,60.87,3.07,1.25,-0.17465116279069814,2.9826744186046508,-0.11627906976744184,1.191860465116279,0.07340579264055691,-0.026626506024101104
30504935,Foxd2_5v5_28.dcm,3.4186046511627906,2.2216666666666667,1.0988372093023255,2.274166666666667,529.4117647058823,2.2216666666666667,0.970220264112366,high,0.970220264112366,high,48.064654820221705,2.654448936856278,94.47733693961848,67.85714285714286,C57BL/6N,f,control,wt (Foxd2),26.2,90.93,60.87,3.07,1.25,0.3486046511627907,3.244302325581395,-0.15116279069767447,1.1744186046511627,3.547336939618475,6.987142857142864
30504935,Foxd2_5v5_28.dcm,3.209302325581396,2.335,1.0290697674418603,2.3783333333333334,486.4864864864865,2.335,0.970220264112366,high,0.9872955987703712,high,41.24972756552556,2.224621740216453,94.606941981174,67.93478260869566,C57BL/6N,f,control,wt (Foxd2),26.2,90.93,60.87,3.07,1.25,0.13930232558139632,3.139651162790698,-0.2209302325581397,1.13953488372093,3.6769419811739965,7.064782608695658
30504935,Foxd2_5v5_28.dcm,3.1918604651162785,2.458333333333333,1.5174418604651163,2.498333333333333,483.22147651006713,2.458333333333333,0.9872955987703712,high,0.9872955987703712,high,40.70740394902472,6.243550971211606,84.66237007147397,52.45901639344262,C57BL/6N,f,control,wt (Foxd2),26.2,90.93,60.87,3.07,1.25,0.12186046511627868,3.130930232558139,0.2674418604651163,1.3837209302325582,-6.267629928526034,-8.41098360655738
30504935,Foxd2_5v5_28.dcm,3.0348837209302326,2.5825,1.4825581395348837,2.6100000000000003,533.3333333333334,2.5825,0.9865164109045886,high,0.9865164109045886,high,36.00260714079915,5.875100130616243,83.68145921310676,51.14942528735632,C57BL/6N,f,control,wt (Foxd2),26.2,90.93,60.87,3.07,1.25,-0.03511627906976722,3.052441860465116,0.2325581395348837,1.3662790697674418,-7.248540786893244,-9.720574712643675
30504935,Foxd2_5v5_28.dcm,3.1220930232558137,2.6950000000000003,1.2034883720930232,2.7383333333333337,679.2452830188679,2.6950000000000003,0.9865164109045886,high,0.9865164109045886,high,38.57730085870459,3.386106478371658,91.22254174605476,61.452513966480446,C57BL/6N,f,control,wt (Foxd2),26.2,90.93,60.87,3.07,1.25,0.052093023255813886,3.0960465116279066,-0.04651162790697683,1.2267441860465116,0.29254174605475214,0.5825139664804482
30504935,Foxd2_5v5_28.dcm,2.8953488372093017,2.7833333333333337,1.9534883720930232,2.836666666666667,585.3658536585366,2.7833333333333337,0.9865164109045886,high,0.9817466556661864,high,32.08530356116006,11.98652078046345,62.641709910535525,32.530120481927696,C57BL/6N,f,control,wt (Foxd2),26.2,90.93,60.87,3.07,1.25,-0.17465116279069814,2.9826744186046508,0.7034883720930232,1.6017441860465116,-28.288290089464482,-28.3398795180723
30504935,Foxd2_5v5_28.dcm,3.8546511627906974,2.8858333333333337,1.7790697674418603,2.934166666666667,679.2452830188679,2.8858333333333337,0.9817466556661864,high,0.9817466556661864,high,64.09884314775596,9.431860248421968,85.28544387816744,53.84615384615385,C57BL/6N,f,control,wt (Foxd2),26.2,90.93,60.87,3.07,1.25,0.7846511627906976,3.4623255813953486,0.5290697674418603,1.51453488372093,-5.644556121832565,-7.023846153846151
30504935,Foxd2_5v5_28.dcm,2.459302325581396,2.974166666666667,1.1511627906976745,3.0050000000000003,712.8712871287129,2.974166666666667,0.9817466556661864,high,0.9817466556661864,high,21.42692658125676,3.0070294992992554,85.96611843562457,53.19148936170214,C57BL/6N,f,control,wt (Foxd2),26.2,90.93,60.87,3.07,1.25,-0.6106976744186037,2.764651162790698,-0.09883720930232553,1.2005813953488373,-4.963881564375441,-7.678510638297858
30504935,Foxd2_5v5_28.dcm,3.0174418604651163,3.0583333333333336,1.2732558139534884,3.095,404.4943820224718,3.0583333333333336,0.841655345473654,high,0.841655345473654,high,35.4993591974848,3.933633276014293,88.91914286640701,57.80346820809249,C57BL/6N,f,control,wt (Foxd2),26.2,90.93,60.87,3.07,1.25,-0.05255813953488353,3.043720930232558,0.023255813953488413,1.2616279069767442,-2.0108571335929923,-3.066531791907508
30504935,Foxd2_5v5_28.dcm,3.052325581395349,3.206666666666667,1.2732558139534884,3.2391666666666667,782.6086956521739,3.206666666666667,0.841655345473654,high,0.9969685179051516,high,36.50974738381176,3.933633276014293,89.22579979899164,58.285714285714285,C57BL/6N,f,control,wt (Foxd2),26.2,90.93,60.87,3.07,1.25,-0.01767441860465091,3.0611627906976744,0.023255813953488413,1.2616279069767442,-1.7042002010083621,-2.5842857142857127
30504935,Foxd2_5v5_28.dcm,2.319767441860465,3.2833333333333337,1.8313953488372088,3.3241666666666667,774.1935483870967,3.2833333333333337,0.9969685179051516,high,0.9969685179051516,high,18.514448767176837,10.161568668387396,45.11546740509911,21.05263157894738,C57BL/6N,f,control,wt (Foxd2),26.2,90.93,60.87,3.07,1.25,-0.750232558139535,2.6948837209302323,0.5813953488372088,1.5406976744186043,-45.814532594900896,-39.81736842105262
30504935,Foxd2_5v5_28.dcm,3.052325581395349,3.3608333333333333,1.3430232558139534,3.398333333333333,418.6046511627907,3.3608333333333333,0.9969685179051516,high,0.9969685179051516,high,36.50974738381176,4.530291146268328,87.59155712954335,56.00000000000001,C57BL/6N,f,control,wt (Foxd2),26.2,90.93,60.87,3.07,1.25,-0.01767441860465091,3.0611627906976744,0.09302325581395343,1.2965116279069768,-3.33844287045666,-4.86999999999999
30504935,Foxd2_5v5_28.dcm,3.1918604651162785,3.504166666666667,1.2383720930232558,3.544166666666667,397.7900552486186,3.504166666666667,0.9995039043604368,high,0.9995039043604368,high,40.70740394902472,3.653796855546803,91.02424497488904,61.20218579234972,C57BL/6N,f,control,wt (Foxd2),26.2,90.93,60.87,3.07,1.25,0.12186046511627868,3.130930232558139,-0.011627906976744207,1.244186046511628,0.09424497488903683,0.3321857923497191
30504935,Foxd2_5v5_28.dcm,2.9651162790697674,3.655,1.7790697674418603,3.6175,818.1818181818181,3.655,0.9994647987484512,high,0.9995039043604368,high,34.01293339597336,9.431860248421968,72.26978297161936,40.0,C57BL/6N,f,control,wt (Foxd2),26.2,90.93,60.87,3.07,1.25,-0.10488372093023246,3.0175581395348834,0.5290697674418603,1.51453488372093,-18.660217028380643,-20.869999999999997
30504935,Foxd2_5v5_28.dcm,1.9360465116279069,3.7283333333333335,1.1860465116279069,3.6958333333333337,837.2093023255812,3.7283333333333335,0.9994647987484512,high,0.9994647987484512,high,11.715247489782694,3.2567714591755346,72.20057483193686,38.738738738738746,C57BL/6N,f,control,wt (Foxd2),26.2,90.93,60.87,3.07,1.25,-1.133953488372093,2.5030232558139534,-0.06395348837209314,1.2180232558139534,-18.729425168063145,-22.13126126126125
30504935,Foxd2_5v5_28.dcm,3.226744186046512,3.8,1.1511627906976745,3.846666666666666,395.6043956043956,3.8,0.9994647987484512,high,0.9994647987484512,high,41.79597664175305,3.0070294992992554,92.80545702981536,64.32432432432434,C57BL/6N,f,control,wt (Foxd2),26.2,90.93,60.87,3.07,1.25,0.1567441860465122,3.148372093023256,-0.09883720930232553,1.2005813953488373,1.875457029815351,3.4543243243243396
30504935,Foxd2_5v5_28.dcm,2.8779069767441863,3.951666666666666,2.232558139534884,3.919166666666667,500.0,3.951666666666666,0.999882204132566,high,0.999882204132566,high,31.61306211052795,16.814559481843006,46.81135467657423,22.42424242424241,C57BL/6N,f,control,wt (Foxd2),26.2,90.93,60.87,3.07,1.25,-0.19209302325581357,2.973953488372093,0.9825581395348841,1.741279069767442,-44.118645323425774,-38.44575757575758
30504935,Foxd2_5v5_28.dcm,3.331395348837209,4.071666666666667,0.994186046511628,3.99,455.6962025316455,4.071666666666667,0.999882204132566,high,0.999882204132566,high,45.15607630928135,2.0265876265996403,95.5120378202942,70.15706806282722,C57BL/6N,f,control,wt (Foxd2),26.2,90.93,60.87,3.07,1.25,0.26139534883720916,3.2006976744186044,-0.255813953488372,1.122093023255814,4.58203782029419,9.287068062827224
30504935,Foxd2_5v5_28.dcm,2.808139534883721,4.203333333333334,1.2209302325581397,4.120833333333334,521.7391304347826,4.203333333333334,0.9999564928870444,high,0.9999564928870444,high,29.76264199127205,3.518442244987919,88.17832689040272,56.52173913043478,C57BL/6N,f,control,wt (Foxd2),26.2,90.93,60.87,3.07,1.25,-0.2618604651162788,2.93906976744186,-0.029069767441860295,1.23546511627907,-2.7516731095972915,-4.348260869565216
30504935,Foxd2_5v5_28.dcm,3.1569767441860463,4.318333333333333,0.8895348837209303,4.237500000000002,500.0,4.318333333333333,0.9999796138007416,high,0.9999564928870444,high,39.63452053026066,1.497795410605716,96.2209826419821,71.82320441988949,C57BL/6N,f,control,wt (Foxd2),26.2,90.93,60.87,3.07,1.25,0.0869767441860465,3.1134883720930233,-0.36046511627906974,1.0697674418604652,5.290982641982097,10.953204419889495
30504935,Foxd2_5v5_28.dcm,3.0872093023255816,4.4383333333333335,1.377906976744186,4.361666666666667,525.5474452554744,4.4383333333333335,0.9999796138007416,high,0.9999796138007416,high,37.53571875847739,4.84737342113503,87.08597149204647,55.36723163841808,C57BL/6N,f,control,wt (Foxd2),26.2,90.93,60.87,3.07,1.25,0.01720930232558171,3.0786046511627907,0.12790697674418605,1.3139534883720931,-3.8440285079535386,-5.502768361581914
30504935,Foxd2_5v5_28.dcm,2.808139534883721,4.5525,1.0465116279069768,4.484166666666667,585.3658536585366,4.5525,0.9973258077062382,high,0.9999796138007416,high,29.76264199127205,2.32782574233145,92.17869924647788,62.732919254658384,C57BL/6N,f,control,wt (Foxd2),26.2,90.93,60.87,3.07,1.25,-0.2618604651162788,2.93906976744186,-0.20348837209302317,1.1482558139534884,1.2486992464778695,1.8629192546583866
30504935,Foxd2_5v5_28.dcm,3.0,4.655,1.3255813953488371,4.610833333333334,750.0,4.655,0.9973258077062382,high,0.9973258077062382,high,35.0,4.376462223734663,87.49582221790097,55.81395348837209,C57BL/6N,f,control,wt (Foxd2),26.2,90.93,60.87,3.07,1.25,-0.06999999999999984,3.035,0.07558139534883712,1.2877906976744184,-3.4341777820990416,-5.056046511627905
